Age,Behavior
56,"Community Involvement, Professional Leadership, Adaptability, Focus on Family, Legacy Building, Mentorship, Stability, Work-Life Balance, Long-term Planning, Health Maintenance"
19,"Risk Taking, Identity Seeking, Independence Seeking, Idealism, Peer Orientation, Exploratory Interests, Academic Focus, Mood Fluctuations, Social Media Engagement, Digital Native"
76,"Patience, Storytelling, Health Management, Wisdom Sharing, Community Engagement, Leisure Pursuits, Reflectiveness, Stability, Social Connection, Simplified Living"
65,"Reflectiveness, Social Connection, Health Management, Leisure Pursuits, Patience, Community Engagement, Wisdom Sharing, Storytelling, Simplified Living, Stability"
25,"Relationship Building, Networking, Home Ownership, Problem Solving, Career Development, Stress Management, Health Consciousness, Skill Acquisition, Multitasking, Financial Planning"
87,"Health Management, Simplified Living, Wisdom Sharing, Stability, Community Engagement, Reflectiveness, Leisure Pursuits, Patience, Social Connection, Storytelling"
79,"Wisdom Sharing, Patience, Reflectiveness, Community Engagement, Simplified Living, Social Connection, Health Management, Storytelling, Leisure Pursuits, Stability"
79,"Patience, Storytelling, Reflectiveness, Stability, Leisure Pursuits, Community Engagement, Health Management, Wisdom Sharing, Social Connection, Simplified Living"
28,"Multitasking, Home Ownership, Networking, Relationship Building, Financial Planning, Career Development, Skill Acquisition, Health Consciousness, Problem Solving, Stress Management"
7,"Imaginative Play, Needs Guidance, Emotional Sensitivity, Playfulness, Curiosity, High Energy, Imitation, Attachment, Rapid Learning, Exploration"
26,"Skill Acquisition, Multitasking, Problem Solving, Home Ownership, Relationship Building, Networking, Career Development, Health Consciousness, Financial Planning, Stress Management"
57,"Mentorship, Legacy Building, Health Maintenance, Stability, Focus on Family, Long-term Planning, Community Involvement, Adaptability, Work-Life Balance, Professional Leadership"
6,"Imitation, Emotional Sensitivity, Attachment, Rapid Learning, Exploration, Imaginative Play, Playfulness, High Energy, Needs Guidance, Curiosity"
34,"Relationship Building, Problem Solving, Career Development, Home Ownership, Networking, Financial Planning, Health Consciousness, Skill Acquisition, Multitasking, Stress Management"
42,"Legacy Building, Adaptability, Stability, Focus on Family, Work-Life Balance, Mentorship, Professional Leadership, Community Involvement, Long-term Planning, Health Maintenance"
6,"Exploration, Curiosity, Needs Guidance, High Energy, Imaginative Play, Emotional Sensitivity, Playfulness, Rapid Learning, Imitation, Attachment"
68,"Simplified Living, Stability, Storytelling, Health Management, Community Engagement, Social Connection, Reflectiveness, Patience, Leisure Pursuits, Wisdom Sharing"
64,"Legacy Building, Mentorship, Adaptability, Stability, Professional Leadership, Long-term Planning, Work-Life Balance, Health Maintenance, Community Involvement, Focus on Family"
25,"Financial Planning, Home Ownership, Career Development, Problem Solving, Health Consciousness, Networking, Stress Management, Relationship Building, Skill Acquisition, Multitasking"
37,"Networking, Home Ownership, Multitasking, Career Development, Skill Acquisition, Relationship Building, Health Consciousness, Stress Management, Financial Planning, Problem Solving"
80,"Simplified Living, Storytelling, Stability, Leisure Pursuits, Wisdom Sharing, Patience, Community Engagement, Health Management, Reflectiveness, Social Connection"
62,"Legacy Building, Long-term Planning, Work-Life Balance, Mentorship, Stability, Professional Leadership, Community Involvement, Focus on Family, Adaptability, Health Maintenance"
26,"Career Development, Skill Acquisition, Relationship Building, Multitasking, Financial Planning, Networking, Home Ownership, Stress Management, Problem Solving, Health Consciousness"
53,"Adaptability, Community Involvement, Health Maintenance, Mentorship, Professional Leadership, Work-Life Balance, Focus on Family, Stability, Long-term Planning, Legacy Building"
63,"Health Maintenance, Focus on Family, Legacy Building, Adaptability, Long-term Planning, Stability, Community Involvement, Professional Leadership, Mentorship, Work-Life Balance"
46,"Work-Life Balance, Stability, Health Maintenance, Community Involvement, Professional Leadership, Focus on Family, Adaptability, Long-term Planning, Legacy Building, Mentorship"
64,"Adaptability, Stability, Long-term Planning, Mentorship, Focus on Family, Professional Leadership, Work-Life Balance, Legacy Building, Community Involvement, Health Maintenance"
84,"Patience, Storytelling, Social Connection, Wisdom Sharing, Leisure Pursuits, Stability, Health Management, Reflectiveness, Community Engagement, Simplified Living"
19,"Exploratory Interests, Idealism, Social Media Engagement, Risk Taking, Mood Fluctuations, Peer Orientation, Digital Native, Identity Seeking, Independence Seeking, Academic Focus"
66,"Social Connection, Simplified Living, Reflectiveness, Leisure Pursuits, Stability, Health Management, Community Engagement, Patience, Storytelling, Wisdom Sharing"
66,"Simplified Living, Wisdom Sharing, Storytelling, Patience, Community Engagement, Social Connection, Leisure Pursuits, Health Management, Reflectiveness, Stability"
51,"Long-term Planning, Professional Leadership, Health Maintenance, Legacy Building, Community Involvement, Work-Life Balance, Mentorship, Focus on Family, Stability, Adaptability"
66,"Leisure Pursuits, Stability, Social Connection, Patience, Health Management, Storytelling, Simplified Living, Reflectiveness, Community Engagement, Wisdom Sharing"
55,"Focus on Family, Professional Leadership, Mentorship, Legacy Building, Community Involvement, Health Maintenance, Long-term Planning, Adaptability, Work-Life Balance, Stability"
59,"Community Involvement, Professional Leadership, Adaptability, Legacy Building, Long-term Planning, Focus on Family, Health Maintenance, Mentorship, Work-Life Balance, Stability"
68,"Storytelling, Stability, Patience, Social Connection, Community Engagement, Wisdom Sharing, Health Management, Leisure Pursuits, Reflectiveness, Simplified Living"
7,"Imitation, Attachment, Rapid Learning, Needs Guidance, Imaginative Play, Emotional Sensitivity, Curiosity, Playfulness, Exploration, High Energy"
55,"Mentorship, Stability, Long-term Planning, Adaptability, Community Involvement, Professional Leadership, Work-Life Balance, Health Maintenance, Focus on Family, Legacy Building"
11,"Playfulness, Imaginative Play, Needs Guidance, Emotional Sensitivity, High Energy, Attachment, Rapid Learning, Exploration, Imitation, Curiosity"
25,"Skill Acquisition, Stress Management, Financial Planning, Networking, Multitasking, Problem Solving, Home Ownership, Relationship Building, Health Consciousness, Career Development"
77,"Community Engagement, Simplified Living, Reflectiveness, Social Connection, Health Management, Wisdom Sharing, Leisure Pursuits, Stability, Storytelling, Patience"
43,"Community Involvement, Mentorship, Health Maintenance, Focus on Family, Long-term Planning, Legacy Building, Stability, Work-Life Balance, Professional Leadership, Adaptability"
22,"Financial Planning, Health Consciousness, Home Ownership, Stress Management, Multitasking, Relationship Building, Problem Solving, Skill Acquisition, Career Development, Networking"
8,"Needs Guidance, Imaginative Play, Emotional Sensitivity, Imitation, Playfulness, Attachment, Exploration, Curiosity, High Energy, Rapid Learning"
64,"Adaptability, Long-term Planning, Focus on Family, Legacy Building, Professional Leadership, Work-Life Balance, Health Maintenance, Community Involvement, Mentorship, Stability"
18,"Mood Fluctuations, Exploratory Interests, Social Media Engagement, Digital Native, Risk Taking, Idealism, Peer Orientation, Academic Focus, Identity Seeking, Independence Seeking"
13,"Idealism, Social Media Engagement, Mood Fluctuations, Exploratory Interests, Peer Orientation, Academic Focus, Risk Taking, Identity Seeking, Digital Native, Independence Seeking"
57,"Community Involvement, Long-term Planning, Health Maintenance, Work-Life Balance, Adaptability, Legacy Building, Focus on Family, Mentorship, Professional Leadership, Stability"
6,"Curiosity, Emotional Sensitivity, Playfulness, Exploration, Attachment, Rapid Learning, Imaginative Play, Needs Guidance, High Energy, Imitation"
88,"Community Engagement, Reflectiveness, Patience, Social Connection, Health Management, Wisdom Sharing, Simplified Living, Leisure Pursuits, Stability, Storytelling"
64,"Long-term Planning, Health Maintenance, Professional Leadership, Legacy Building, Adaptability, Mentorship, Focus on Family, Community Involvement, Work-Life Balance, Stability"
75,"Community Engagement, Patience, Stability, Leisure Pursuits, Simplified Living, Health Management, Social Connection, Storytelling, Reflectiveness, Wisdom Sharing"
48,"Legacy Building, Focus on Family, Long-term Planning, Adaptability, Professional Leadership, Work-Life Balance, Stability, Community Involvement, Health Maintenance, Mentorship"
12,"Rapid Learning, Exploration, Attachment, Needs Guidance, Imitation, Imaginative Play, Emotional Sensitivity, Playfulness, Curiosity, High Energy"
51,"Health Maintenance, Professional Leadership, Mentorship, Stability, Community Involvement, Adaptability, Work-Life Balance, Long-term Planning, Legacy Building, Focus on Family"
39,"Skill Acquisition, Financial Planning, Networking, Career Development, Stress Management, Problem Solving, Home Ownership, Relationship Building, Multitasking, Health Consciousness"
82,"Leisure Pursuits, Storytelling, Social Connection, Stability, Reflectiveness, Health Management, Simplified Living, Wisdom Sharing, Community Engagement, Patience"
85,"Stability, Wisdom Sharing, Reflectiveness, Simplified Living, Community Engagement, Health Management, Leisure Pursuits, Storytelling, Patience, Social Connection"
40,"Work-Life Balance, Adaptability, Long-term Planning, Focus on Family, Health Maintenance, Community Involvement, Professional Leadership, Stability, Legacy Building, Mentorship"
54,"Stability, Work-Life Balance, Focus on Family, Legacy Building, Community Involvement, Health Maintenance, Professional Leadership, Adaptability, Mentorship, Long-term Planning"
8,"Curiosity, Imitation, Imaginative Play, High Energy, Exploration, Needs Guidance, Rapid Learning, Attachment, Emotional Sensitivity, Playfulness"
6,"Attachment, Emotional Sensitivity, High Energy, Playfulness, Exploration, Imaginative Play, Needs Guidance, Rapid Learning, Imitation, Curiosity"
10,"Curiosity, Attachment, Playfulness, Rapid Learning, High Energy, Imitation, Exploration, Emotional Sensitivity, Imaginative Play, Needs Guidance"
58,"Long-term Planning, Focus on Family, Mentorship, Adaptability, Health Maintenance, Work-Life Balance, Professional Leadership, Stability, Legacy Building, Community Involvement"
8,"Attachment, Imitation, High Energy, Playfulness, Rapid Learning, Curiosity, Imaginative Play, Needs Guidance, Emotional Sensitivity, Exploration"
58,"Adaptability, Work-Life Balance, Focus on Family, Community Involvement, Stability, Professional Leadership, Long-term Planning, Legacy Building, Mentorship, Health Maintenance"
67,"Reflectiveness, Health Management, Community Engagement, Simplified Living, Storytelling, Wisdom Sharing, Stability, Social Connection, Leisure Pursuits, Patience"
22,"Multitasking, Relationship Building, Problem Solving, Career Development, Financial Planning, Skill Acquisition, Home Ownership, Health Consciousness, Networking, Stress Management"
48,"Legacy Building, Health Maintenance, Adaptability, Work-Life Balance, Mentorship, Focus on Family, Community Involvement, Professional Leadership, Stability, Long-term Planning"
38,"Career Development, Multitasking, Problem Solving, Relationship Building, Financial Planning, Networking, Home Ownership, Stress Management, Skill Acquisition, Health Consciousness"
78,"Reflectiveness, Health Management, Social Connection, Patience, Stability, Wisdom Sharing, Simplified Living, Leisure Pursuits, Community Engagement, Storytelling"
66,"Stability, Simplified Living, Reflectiveness, Social Connection, Patience, Community Engagement, Wisdom Sharing, Storytelling, Health Management, Leisure Pursuits"
18,"Digital Native, Academic Focus, Social Media Engagement, Idealism, Peer Orientation, Risk Taking, Exploratory Interests, Mood Fluctuations, Independence Seeking, Identity Seeking"
52,"Stability, Health Maintenance, Adaptability, Work-Life Balance, Professional Leadership, Mentorship, Long-term Planning, Legacy Building, Focus on Family, Community Involvement"
19,"Idealism, Exploratory Interests, Independence Seeking, Risk Taking, Mood Fluctuations, Social Media Engagement, Identity Seeking, Academic Focus, Peer Orientation, Digital Native"
76,"Leisure Pursuits, Community Engagement, Simplified Living, Storytelling, Stability, Health Management, Social Connection, Patience, Wisdom Sharing, Reflectiveness"
82,"Health Management, Leisure Pursuits, Stability, Wisdom Sharing, Reflectiveness, Social Connection, Community Engagement, Patience, Simplified Living, Storytelling"
66,"Social Connection, Leisure Pursuits, Reflectiveness, Stability, Patience, Simplified Living, Storytelling, Community Engagement, Health Management, Wisdom Sharing"
44,"Professional Leadership, Focus on Family, Adaptability, Health Maintenance, Legacy Building, Long-term Planning, Mentorship, Stability, Work-Life Balance, Community Involvement"
89,"Community Engagement, Simplified Living, Leisure Pursuits, Patience, Wisdom Sharing, Reflectiveness, Stability, Health Management, Storytelling, Social Connection"
84,"Community Engagement, Social Connection, Reflectiveness, Storytelling, Health Management, Simplified Living, Wisdom Sharing, Leisure Pursuits, Patience, Stability"
86,"Storytelling, Wisdom Sharing, Community Engagement, Social Connection, Leisure Pursuits, Simplified Living, Patience, Health Management, Stability, Reflectiveness"
57,"Work-Life Balance, Adaptability, Mentorship, Long-term Planning, Focus on Family, Stability, Professional Leadership, Legacy Building, Health Maintenance, Community Involvement"
28,"Networking, Problem Solving, Home Ownership, Skill Acquisition, Financial Planning, Relationship Building, Multitasking, Health Consciousness, Stress Management, Career Development"
30,"Financial Planning, Networking, Home Ownership, Problem Solving, Skill Acquisition, Multitasking, Stress Management, Relationship Building, Health Consciousness, Career Development"
64,"Mentorship, Professional Leadership, Legacy Building, Adaptability, Focus on Family, Long-term Planning, Health Maintenance, Work-Life Balance, Stability, Community Involvement"
45,"Focus on Family, Work-Life Balance, Long-term Planning, Health Maintenance, Stability, Mentorship, Professional Leadership, Community Involvement, Legacy Building, Adaptability"
33,"Skill Acquisition, Home Ownership, Networking, Health Consciousness, Financial Planning, Problem Solving, Stress Management, Career Development, Multitasking, Relationship Building"
19,"Identity Seeking, Academic Focus, Peer Orientation, Independence Seeking, Social Media Engagement, Mood Fluctuations, Idealism, Digital Native, Risk Taking, Exploratory Interests"
49,"Professional Leadership, Adaptability, Long-term Planning, Stability, Work-Life Balance, Legacy Building, Focus on Family, Mentorship, Health Maintenance, Community Involvement"
69,"Reflectiveness, Community Engagement, Storytelling, Patience, Social Connection, Wisdom Sharing, Health Management, Leisure Pursuits, Simplified Living, Stability"
75,"Leisure Pursuits, Patience, Stability, Wisdom Sharing, Simplified Living, Reflectiveness, Health Management, Social Connection, Community Engagement, Storytelling"
13,"Risk Taking, Exploratory Interests, Idealism, Mood Fluctuations, Social Media Engagement, Peer Orientation, Independence Seeking, Identity Seeking, Digital Native, Academic Focus"
5,"Emotional Sensitivity, Imitation, Exploration, High Energy, Needs Guidance, Rapid Learning, Playfulness, Imaginative Play, Curiosity, Attachment"
12,"Needs Guidance, Curiosity, Emotional Sensitivity, Imaginative Play, High Energy, Imitation, Rapid Learning, Playfulness, Attachment, Exploration"
67,"Patience, Health Management, Stability, Leisure Pursuits, Wisdom Sharing, Reflectiveness, Simplified Living, Community Engagement, Storytelling, Social Connection"
15,"Mood Fluctuations, Independence Seeking, Exploratory Interests, Idealism, Risk Taking, Social Media Engagement, Digital Native, Academic Focus, Peer Orientation, Identity Seeking"
85,"Social Connection, Community Engagement, Stability, Leisure Pursuits, Patience, Storytelling, Wisdom Sharing, Simplified Living, Health Management, Reflectiveness"
12,"Imitation, Curiosity, Attachment, Rapid Learning, High Energy, Imaginative Play, Needs Guidance, Exploration, Playfulness, Emotional Sensitivity"
39,"Home Ownership, Networking, Problem Solving, Health Consciousness, Stress Management, Multitasking, Relationship Building, Financial Planning, Career Development, Skill Acquisition"
39,"Relationship Building, Home Ownership, Health Consciousness, Problem Solving, Multitasking, Financial Planning, Networking, Career Development, Stress Management, Skill Acquisition"
37,"Skill Acquisition, Health Consciousness, Networking, Stress Management, Multitasking, Problem Solving, Financial Planning, Home Ownership, Relationship Building, Career Development"
9,"Curiosity, Imaginative Play, Rapid Learning, Imitation, Emotional Sensitivity, High Energy, Attachment, Playfulness, Needs Guidance, Exploration"
45,"Stability, Focus on Family, Adaptability, Mentorship, Health Maintenance, Community Involvement, Long-term Planning, Legacy Building, Professional Leadership, Work-Life Balance"
32,"Networking, Stress Management, Skill Acquisition, Problem Solving, Relationship Building, Financial Planning, Home Ownership, Career Development, Health Consciousness, Multitasking"
11,"Needs Guidance, Imaginative Play, Imitation, Emotional Sensitivity, Attachment, Exploration, Curiosity, High Energy, Playfulness, Rapid Learning"
77,"Wisdom Sharing, Social Connection, Reflectiveness, Storytelling, Health Management, Leisure Pursuits, Patience, Simplified Living, Stability, Community Engagement"
76,"Simplified Living, Storytelling, Stability, Leisure Pursuits, Community Engagement, Health Management, Patience, Social Connection, Reflectiveness, Wisdom Sharing"
16,"Independence Seeking, Risk Taking, Idealism, Identity Seeking, Peer Orientation, Digital Native, Exploratory Interests, Social Media Engagement, Academic Focus, Mood Fluctuations"
38,"Problem Solving, Home Ownership, Networking, Health Consciousness, Financial Planning, Skill Acquisition, Stress Management, Relationship Building, Career Development, Multitasking"
37,"Networking, Multitasking, Health Consciousness, Financial Planning, Home Ownership, Problem Solving, Stress Management, Career Development, Skill Acquisition, Relationship Building"
52,"Community Involvement, Legacy Building, Long-term Planning, Work-Life Balance, Mentorship, Professional Leadership, Focus on Family, Stability, Health Maintenance, Adaptability"
27,"Multitasking, Skill Acquisition, Health Consciousness, Stress Management, Networking, Career Development, Financial Planning, Problem Solving, Home Ownership, Relationship Building"
66,"Leisure Pursuits, Wisdom Sharing, Storytelling, Community Engagement, Simplified Living, Stability, Reflectiveness, Social Connection, Patience, Health Management"
41,"Professional Leadership, Community Involvement, Adaptability, Mentorship, Stability, Legacy Building, Focus on Family, Long-term Planning, Health Maintenance, Work-Life Balance"
48,"Legacy Building, Health Maintenance, Professional Leadership, Stability, Mentorship, Work-Life Balance, Community Involvement, Focus on Family, Adaptability, Long-term Planning"
39,"Home Ownership, Skill Acquisition, Career Development, Problem Solving, Financial Planning, Networking, Relationship Building, Multitasking, Health Consciousness, Stress Management"
69,"Patience, Reflectiveness, Health Management, Community Engagement, Wisdom Sharing, Leisure Pursuits, Social Connection, Stability, Storytelling, Simplified Living"
51,"Community Involvement, Stability, Mentorship, Work-Life Balance, Adaptability, Focus on Family, Health Maintenance, Professional Leadership, Legacy Building, Long-term Planning"
82,"Wisdom Sharing, Patience, Health Management, Reflectiveness, Storytelling, Stability, Social Connection, Community Engagement, Simplified Living, Leisure Pursuits"
7,"Needs Guidance, Playfulness, Imitation, Imaginative Play, Attachment, Curiosity, Exploration, Emotional Sensitivity, Rapid Learning, High Energy"
5,"Playfulness, Attachment, Imaginative Play, Curiosity, Needs Guidance, Imitation, Emotional Sensitivity, Rapid Learning, High Energy, Exploration"
9,"Rapid Learning, Attachment, Imaginative Play, Exploration, Imitation, Playfulness, Emotional Sensitivity, Curiosity, Needs Guidance, High Energy"
18,"Independence Seeking, Risk Taking, Social Media Engagement, Idealism, Digital Native, Academic Focus, Identity Seeking, Mood Fluctuations, Exploratory Interests, Peer Orientation"
31,"Networking, Relationship Building, Problem Solving, Multitasking, Home Ownership, Health Consciousness, Career Development, Skill Acquisition, Stress Management, Financial Planning"
13,"Digital Native, Peer Orientation, Independence Seeking, Idealism, Social Media Engagement, Risk Taking, Mood Fluctuations, Exploratory Interests, Academic Focus, Identity Seeking"
83,"Simplified Living, Stability, Community Engagement, Social Connection, Reflectiveness, Leisure Pursuits, Health Management, Patience, Wisdom Sharing, Storytelling"
19,"Academic Focus, Exploratory Interests, Social Media Engagement, Idealism, Digital Native, Independence Seeking, Peer Orientation, Identity Seeking, Risk Taking, Mood Fluctuations"
46,"Long-term Planning, Legacy Building, Community Involvement, Work-Life Balance, Focus on Family, Professional Leadership, Health Maintenance, Mentorship, Adaptability, Stability"
81,"Social Connection, Simplified Living, Wisdom Sharing, Health Management, Storytelling, Leisure Pursuits, Stability, Patience, Reflectiveness, Community Engagement"
55,"Long-term Planning, Legacy Building, Mentorship, Health Maintenance, Adaptability, Focus on Family, Stability, Professional Leadership, Work-Life Balance, Community Involvement"
67,"Simplified Living, Wisdom Sharing, Health Management, Storytelling, Social Connection, Stability, Community Engagement, Patience, Leisure Pursuits, Reflectiveness"
56,"Community Involvement, Legacy Building, Work-Life Balance, Long-term Planning, Professional Leadership, Stability, Focus on Family, Mentorship, Health Maintenance, Adaptability"
8,"Curiosity, Exploration, Playfulness, Needs Guidance, High Energy, Emotional Sensitivity, Imaginative Play, Rapid Learning, Attachment, Imitation"
27,"Financial Planning, Multitasking, Problem Solving, Career Development, Relationship Building, Stress Management, Home Ownership, Networking, Skill Acquisition, Health Consciousness"
19,"Idealism, Identity Seeking, Social Media Engagement, Academic Focus, Risk Taking, Mood Fluctuations, Peer Orientation, Digital Native, Exploratory Interests, Independence Seeking"
47,"Professional Leadership, Mentorship, Community Involvement, Legacy Building, Work-Life Balance, Focus on Family, Adaptability, Stability, Health Maintenance, Long-term Planning"
33,"Career Development, Financial Planning, Health Consciousness, Skill Acquisition, Networking, Problem Solving, Home Ownership, Multitasking, Stress Management, Relationship Building"
40,"Health Maintenance, Focus on Family, Long-term Planning, Mentorship, Work-Life Balance, Stability, Adaptability, Legacy Building, Community Involvement, Professional Leadership"
17,"Risk Taking, Digital Native, Identity Seeking, Academic Focus, Social Media Engagement, Mood Fluctuations, Exploratory Interests, Peer Orientation, Idealism, Independence Seeking"
36,"Career Development, Multitasking, Problem Solving, Health Consciousness, Home Ownership, Skill Acquisition, Stress Management, Relationship Building, Networking, Financial Planning"
75,"Community Engagement, Stability, Leisure Pursuits, Storytelling, Reflectiveness, Health Management, Simplified Living, Wisdom Sharing, Patience, Social Connection"
63,"Work-Life Balance, Long-term Planning, Community Involvement, Stability, Mentorship, Health Maintenance, Adaptability, Professional Leadership, Legacy Building, Focus on Family"
32,"Stress Management, Multitasking, Financial Planning, Career Development, Networking, Home Ownership, Relationship Building, Skill Acquisition, Health Consciousness, Problem Solving"
70,"Stability, Storytelling, Simplified Living, Community Engagement, Health Management, Reflectiveness, Social Connection, Patience, Wisdom Sharing, Leisure Pursuits"
46,"Stability, Community Involvement, Legacy Building, Mentorship, Health Maintenance, Work-Life Balance, Long-term Planning, Adaptability, Focus on Family, Professional Leadership"
49,"Legacy Building, Long-term Planning, Health Maintenance, Mentorship, Work-Life Balance, Stability, Community Involvement, Professional Leadership, Adaptability, Focus on Family"
66,"Community Engagement, Simplified Living, Patience, Health Management, Reflectiveness, Leisure Pursuits, Social Connection, Stability, Storytelling, Wisdom Sharing"
61,"Mentorship, Legacy Building, Work-Life Balance, Community Involvement, Stability, Adaptability, Professional Leadership, Focus on Family, Health Maintenance, Long-term Planning"
10,"Rapid Learning, Exploration, Imitation, Curiosity, Imaginative Play, Emotional Sensitivity, Attachment, Needs Guidance, Playfulness, High Energy"
32,"Relationship Building, Skill Acquisition, Financial Planning, Problem Solving, Career Development, Stress Management, Networking, Multitasking, Health Consciousness, Home Ownership"
32,"Career Development, Networking, Health Consciousness, Multitasking, Stress Management, Home Ownership, Skill Acquisition, Financial Planning, Relationship Building, Problem Solving"
48,"Work-Life Balance, Community Involvement, Health Maintenance, Focus on Family, Long-term Planning, Mentorship, Stability, Legacy Building, Professional Leadership, Adaptability"
88,"Social Connection, Community Engagement, Patience, Stability, Simplified Living, Wisdom Sharing, Storytelling, Reflectiveness, Health Management, Leisure Pursuits"
34,"Career Development, Networking, Financial Planning, Stress Management, Problem Solving, Relationship Building, Health Consciousness, Home Ownership, Skill Acquisition, Multitasking"
66,"Community Engagement, Reflectiveness, Health Management, Storytelling, Patience, Wisdom Sharing, Social Connection, Stability, Simplified Living, Leisure Pursuits"
79,"Storytelling, Social Connection, Community Engagement, Health Management, Reflectiveness, Simplified Living, Wisdom Sharing, Leisure Pursuits, Stability, Patience"
66,"Community Engagement, Storytelling, Wisdom Sharing, Health Management, Reflectiveness, Stability, Leisure Pursuits, Simplified Living, Patience, Social Connection"
5,"High Energy, Playfulness, Attachment, Needs Guidance, Rapid Learning, Imaginative Play, Curiosity, Exploration, Emotional Sensitivity, Imitation"
31,"Networking, Financial Planning, Health Consciousness, Problem Solving, Relationship Building, Career Development, Skill Acquisition, Multitasking, Home Ownership, Stress Management"
66,"Community Engagement, Storytelling, Wisdom Sharing, Social Connection, Simplified Living, Health Management, Reflectiveness, Patience, Stability, Leisure Pursuits"
81,"Simplified Living, Leisure Pursuits, Social Connection, Community Engagement, Patience, Wisdom Sharing, Storytelling, Stability, Health Management, Reflectiveness"
7,"Curiosity, Emotional Sensitivity, High Energy, Playfulness, Imaginative Play, Attachment, Imitation, Exploration, Needs Guidance, Rapid Learning"
74,"Patience, Reflectiveness, Community Engagement, Social Connection, Stability, Simplified Living, Storytelling, Leisure Pursuits, Wisdom Sharing, Health Management"
76,"Patience, Health Management, Simplified Living, Storytelling, Stability, Leisure Pursuits, Wisdom Sharing, Social Connection, Community Engagement, Reflectiveness"
31,"Home Ownership, Financial Planning, Skill Acquisition, Relationship Building, Networking, Career Development, Multitasking, Stress Management, Health Consciousness, Problem Solving"
13,"Digital Native, Mood Fluctuations, Peer Orientation, Risk Taking, Social Media Engagement, Idealism, Academic Focus, Identity Seeking, Independence Seeking, Exploratory Interests"
66,"Social Connection, Wisdom Sharing, Patience, Storytelling, Health Management, Leisure Pursuits, Community Engagement, Reflectiveness, Stability, Simplified Living"
41,"Long-term Planning, Legacy Building, Work-Life Balance, Adaptability, Stability, Mentorship, Community Involvement, Health Maintenance, Professional Leadership, Focus on Family"
55,"Mentorship, Community Involvement, Health Maintenance, Adaptability, Focus on Family, Work-Life Balance, Long-term Planning, Professional Leadership, Stability, Legacy Building"
48,"Work-Life Balance, Mentorship, Long-term Planning, Stability, Adaptability, Community Involvement, Health Maintenance, Professional Leadership, Legacy Building, Focus on Family"
28,"Home Ownership, Health Consciousness, Skill Acquisition, Networking, Problem Solving, Multitasking, Financial Planning, Stress Management, Career Development, Relationship Building"
83,"Social Connection, Simplified Living, Leisure Pursuits, Stability, Health Management, Patience, Storytelling, Community Engagement, Reflectiveness, Wisdom Sharing"
63,"Stability, Health Maintenance, Adaptability, Work-Life Balance, Professional Leadership, Focus on Family, Community Involvement, Long-term Planning, Mentorship, Legacy Building"
36,"Multitasking, Financial Planning, Networking, Stress Management, Home Ownership, Problem Solving, Relationship Building, Health Consciousness, Skill Acquisition, Career Development"
56,"Community Involvement, Stability, Health Maintenance, Professional Leadership, Work-Life Balance, Legacy Building, Mentorship, Focus on Family, Long-term Planning, Adaptability"
66,"Reflectiveness, Stability, Health Management, Leisure Pursuits, Wisdom Sharing, Patience, Community Engagement, Social Connection, Storytelling, Simplified Living"
62,"Professional Leadership, Adaptability, Health Maintenance, Mentorship, Work-Life Balance, Focus on Family, Long-term Planning, Legacy Building, Stability, Community Involvement"
56,"Focus on Family, Legacy Building, Work-Life Balance, Health Maintenance, Mentorship, Stability, Professional Leadership, Adaptability, Long-term Planning, Community Involvement"
16,"Academic Focus, Mood Fluctuations, Social Media Engagement, Digital Native, Risk Taking, Identity Seeking, Peer Orientation, Exploratory Interests, Independence Seeking, Idealism"
43,"Mentorship, Legacy Building, Professional Leadership, Stability, Long-term Planning, Health Maintenance, Focus on Family, Work-Life Balance, Community Involvement, Adaptability"
6,"Emotional Sensitivity, Imitation, Needs Guidance, Exploration, Curiosity, Playfulness, Rapid Learning, High Energy, Attachment, Imaginative Play"
7,"Attachment, Curiosity, Imaginative Play, Imitation, Rapid Learning, Emotional Sensitivity, High Energy, Exploration, Playfulness, Needs Guidance"
60,"Legacy Building, Health Maintenance, Long-term Planning, Mentorship, Work-Life Balance, Professional Leadership, Adaptability, Stability, Focus on Family, Community Involvement"
85,"Community Engagement, Storytelling, Patience, Reflectiveness, Leisure Pursuits, Wisdom Sharing, Stability, Social Connection, Simplified Living, Health Management"
63,"Mentorship, Long-term Planning, Legacy Building, Work-Life Balance, Adaptability, Focus on Family, Health Maintenance, Professional Leadership, Community Involvement, Stability"
6,"Attachment, Imitation, Needs Guidance, Curiosity, Playfulness, High Energy, Emotional Sensitivity, Rapid Learning, Exploration, Imaginative Play"
6,"High Energy, Rapid Learning, Exploration, Curiosity, Playfulness, Emotional Sensitivity, Imitation, Needs Guidance, Imaginative Play, Attachment"
58,"Legacy Building, Mentorship, Work-Life Balance, Adaptability, Health Maintenance, Stability, Focus on Family, Community Involvement, Long-term Planning, Professional Leadership"
5,"Exploration, Rapid Learning, Imaginative Play, Attachment, Curiosity, Needs Guidance, Emotional Sensitivity, Imitation, Playfulness, High Energy"
23,"Networking, Home Ownership, Skill Acquisition, Problem Solving, Multitasking, Relationship Building, Stress Management, Financial Planning, Career Development, Health Consciousness"
6,"Exploration, High Energy, Needs Guidance, Playfulness, Attachment, Rapid Learning, Curiosity, Emotional Sensitivity, Imitation, Imaginative Play"
57,"Long-term Planning, Community Involvement, Work-Life Balance, Focus on Family, Stability, Mentorship, Professional Leadership, Legacy Building, Health Maintenance, Adaptability"
48,"Focus on Family, Health Maintenance, Professional Leadership, Mentorship, Long-term Planning, Legacy Building, Community Involvement, Work-Life Balance, Stability, Adaptability"
36,"Home Ownership, Health Consciousness, Financial Planning, Skill Acquisition, Stress Management, Multitasking, Career Development, Networking, Relationship Building, Problem Solving"
74,"Leisure Pursuits, Patience, Health Management, Stability, Simplified Living, Community Engagement, Storytelling, Reflectiveness, Social Connection, Wisdom Sharing"
36,"Relationship Building, Problem Solving, Multitasking, Home Ownership, Career Development, Skill Acquisition, Health Consciousness, Stress Management, Financial Planning, Networking"
72,"Health Management, Storytelling, Wisdom Sharing, Leisure Pursuits, Community Engagement, Simplified Living, Patience, Reflectiveness, Social Connection, Stability"
59,"Health Maintenance, Community Involvement, Long-term Planning, Focus on Family, Work-Life Balance, Adaptability, Stability, Mentorship, Legacy Building, Professional Leadership"
79,"Patience, Community Engagement, Health Management, Simplified Living, Reflectiveness, Leisure Pursuits, Stability, Wisdom Sharing, Storytelling, Social Connection"
60,"Stability, Long-term Planning, Work-Life Balance, Professional Leadership, Legacy Building, Community Involvement, Focus on Family, Mentorship, Health Maintenance, Adaptability"
21,"Career Development, Financial Planning, Health Consciousness, Relationship Building, Home Ownership, Skill Acquisition, Networking, Stress Management, Multitasking, Problem Solving"
42,"Professional Leadership, Community Involvement, Legacy Building, Adaptability, Focus on Family, Long-term Planning, Work-Life Balance, Mentorship, Stability, Health Maintenance"
28,"Career Development, Problem Solving, Stress Management, Skill Acquisition, Networking, Relationship Building, Multitasking, Home Ownership, Financial Planning, Health Consciousness"
73,"Simplified Living, Health Management, Patience, Leisure Pursuits, Reflectiveness, Community Engagement, Storytelling, Wisdom Sharing, Stability, Social Connection"
74,"Leisure Pursuits, Stability, Community Engagement, Social Connection, Health Management, Wisdom Sharing, Simplified Living, Patience, Reflectiveness, Storytelling"
15,"Mood Fluctuations, Identity Seeking, Independence Seeking, Digital Native, Academic Focus, Idealism, Social Media Engagement, Peer Orientation, Exploratory Interests, Risk Taking"
20,"Health Consciousness, Relationship Building, Networking, Skill Acquisition, Home Ownership, Problem Solving, Financial Planning, Career Development, Multitasking, Stress Management"
77,"Patience, Leisure Pursuits, Wisdom Sharing, Storytelling, Stability, Simplified Living, Health Management, Community Engagement, Reflectiveness, Social Connection"
63,"Focus on Family, Stability, Adaptability, Legacy Building, Mentorship, Community Involvement, Work-Life Balance, Professional Leadership, Health Maintenance, Long-term Planning"
74,"Social Connection, Storytelling, Stability, Leisure Pursuits, Community Engagement, Patience, Health Management, Wisdom Sharing, Reflectiveness, Simplified Living"
84,"Stability, Leisure Pursuits, Simplified Living, Community Engagement, Wisdom Sharing, Reflectiveness, Patience, Storytelling, Health Management, Social Connection"
7,"Playfulness, Imitation, Curiosity, Exploration, Needs Guidance, High Energy, Attachment, Rapid Learning, Emotional Sensitivity, Imaginative Play"
24,"Multitasking, Networking, Skill Acquisition, Problem Solving, Financial Planning, Health Consciousness, Relationship Building, Stress Management, Career Development, Home Ownership"
63,"Focus on Family, Work-Life Balance, Professional Leadership, Mentorship, Adaptability, Legacy Building, Community Involvement, Stability, Health Maintenance, Long-term Planning"
40,"Long-term Planning, Legacy Building, Community Involvement, Adaptability, Stability, Focus on Family, Health Maintenance, Professional Leadership, Mentorship, Work-Life Balance"
23,"Health Consciousness, Home Ownership, Career Development, Problem Solving, Networking, Skill Acquisition, Relationship Building, Stress Management, Financial Planning, Multitasking"
71,"Storytelling, Patience, Simplified Living, Health Management, Stability, Community Engagement, Leisure Pursuits, Wisdom Sharing, Reflectiveness, Social Connection"
23,"Problem Solving, Health Consciousness, Networking, Skill Acquisition, Financial Planning, Relationship Building, Home Ownership, Career Development, Multitasking, Stress Management"
24,"Relationship Building, Career Development, Multitasking, Stress Management, Problem Solving, Health Consciousness, Home Ownership, Skill Acquisition, Networking, Financial Planning"
75,"Wisdom Sharing, Social Connection, Patience, Community Engagement, Stability, Simplified Living, Leisure Pursuits, Storytelling, Health Management, Reflectiveness"
56,"Legacy Building, Long-term Planning, Focus on Family, Mentorship, Stability, Community Involvement, Professional Leadership, Health Maintenance, Work-Life Balance, Adaptability"
37,"Networking, Home Ownership, Financial Planning, Stress Management, Multitasking, Skill Acquisition, Relationship Building, Health Consciousness, Career Development, Problem Solving"
44,"Community Involvement, Health Maintenance, Legacy Building, Work-Life Balance, Focus on Family, Mentorship, Professional Leadership, Stability, Long-term Planning, Adaptability"
43,"Legacy Building, Mentorship, Stability, Work-Life Balance, Focus on Family, Community Involvement, Professional Leadership, Long-term Planning, Health Maintenance, Adaptability"
86,"Simplified Living, Health Management, Stability, Leisure Pursuits, Community Engagement, Social Connection, Patience, Wisdom Sharing, Storytelling, Reflectiveness"
5,"Rapid Learning, Attachment, High Energy, Playfulness, Needs Guidance, Imitation, Imaginative Play, Emotional Sensitivity, Curiosity, Exploration"
15,"Independence Seeking, Social Media Engagement, Digital Native, Identity Seeking, Academic Focus, Mood Fluctuations, Idealism, Exploratory Interests, Peer Orientation, Risk Taking"
61,"Long-term Planning, Professional Leadership, Mentorship, Legacy Building, Focus on Family, Adaptability, Work-Life Balance, Stability, Health Maintenance, Community Involvement"
54,"Mentorship, Stability, Long-term Planning, Work-Life Balance, Focus on Family, Legacy Building, Professional Leadership, Adaptability, Health Maintenance, Community Involvement"
27,"Health Consciousness, Networking, Career Development, Stress Management, Multitasking, Problem Solving, Home Ownership, Skill Acquisition, Financial Planning, Relationship Building"
35,"Multitasking, Stress Management, Financial Planning, Relationship Building, Networking, Skill Acquisition, Home Ownership, Health Consciousness, Problem Solving, Career Development"
46,"Mentorship, Community Involvement, Adaptability, Legacy Building, Professional Leadership, Work-Life Balance, Stability, Focus on Family, Long-term Planning, Health Maintenance"
11,"Emotional Sensitivity, Rapid Learning, Exploration, Playfulness, Attachment, Needs Guidance, Imitation, Curiosity, High Energy, Imaginative Play"
20,"Multitasking, Home Ownership, Career Development, Relationship Building, Skill Acquisition, Problem Solving, Networking, Stress Management, Financial Planning, Health Consciousness"
64,"Adaptability, Focus on Family, Mentorship, Long-term Planning, Health Maintenance, Community Involvement, Work-Life Balance, Professional Leadership, Stability, Legacy Building"
6,"High Energy, Imaginative Play, Playfulness, Needs Guidance, Curiosity, Attachment, Emotional Sensitivity, Imitation, Rapid Learning, Exploration"
5,"Rapid Learning, Imitation, Playfulness, High Energy, Needs Guidance, Curiosity, Emotional Sensitivity, Imaginative Play, Attachment, Exploration"
52,"Legacy Building, Community Involvement, Stability, Mentorship, Long-term Planning, Professional Leadership, Health Maintenance, Focus on Family, Work-Life Balance, Adaptability"
16,"Mood Fluctuations, Risk Taking, Peer Orientation, Digital Native, Exploratory Interests, Identity Seeking, Independence Seeking, Idealism, Academic Focus, Social Media Engagement"
73,"Storytelling, Social Connection, Patience, Simplified Living, Wisdom Sharing, Stability, Reflectiveness, Health Management, Community Engagement, Leisure Pursuits"
41,"Health Maintenance, Adaptability, Community Involvement, Long-term Planning, Mentorship, Legacy Building, Focus on Family, Stability, Work-Life Balance, Professional Leadership"
36,"Problem Solving, Multitasking, Stress Management, Financial Planning, Career Development, Relationship Building, Skill Acquisition, Networking, Home Ownership, Health Consciousness"
13,"Social Media Engagement, Peer Orientation, Academic Focus, Idealism, Exploratory Interests, Mood Fluctuations, Digital Native, Risk Taking, Identity Seeking, Independence Seeking"
23,"Networking, Problem Solving, Career Development, Multitasking, Relationship Building, Skill Acquisition, Financial Planning, Health Consciousness, Stress Management, Home Ownership"
52,"Health Maintenance, Mentorship, Long-term Planning, Focus on Family, Stability, Community Involvement, Professional Leadership, Work-Life Balance, Legacy Building, Adaptability"
84,"Patience, Leisure Pursuits, Stability, Simplified Living, Social Connection, Community Engagement, Health Management, Storytelling, Reflectiveness, Wisdom Sharing"
7,"High Energy, Rapid Learning, Emotional Sensitivity, Exploration, Playfulness, Needs Guidance, Curiosity, Imaginative Play, Imitation, Attachment"
24,"Health Consciousness, Problem Solving, Networking, Career Development, Skill Acquisition, Multitasking, Home Ownership, Financial Planning, Stress Management, Relationship Building"
28,"Home Ownership, Networking, Stress Management, Relationship Building, Health Consciousness, Financial Planning, Skill Acquisition, Problem Solving, Career Development, Multitasking"
58,"Long-term Planning, Mentorship, Professional Leadership, Stability, Community Involvement, Focus on Family, Work-Life Balance, Health Maintenance, Legacy Building, Adaptability"
37,"Health Consciousness, Multitasking, Problem Solving, Relationship Building, Financial Planning, Networking, Home Ownership, Stress Management, Skill Acquisition, Career Development"
28,"Skill Acquisition, Health Consciousness, Multitasking, Networking, Relationship Building, Stress Management, Career Development, Home Ownership, Problem Solving, Financial Planning"
79,"Stability, Community Engagement, Wisdom Sharing, Simplified Living, Patience, Health Management, Storytelling, Leisure Pursuits, Social Connection, Reflectiveness"
76,"Storytelling, Reflectiveness, Leisure Pursuits, Patience, Wisdom Sharing, Social Connection, Stability, Simplified Living, Health Management, Community Engagement"
40,"Community Involvement, Stability, Focus on Family, Work-Life Balance, Professional Leadership, Adaptability, Long-term Planning, Mentorship, Health Maintenance, Legacy Building"
42,"Long-term Planning, Adaptability, Health Maintenance, Work-Life Balance, Focus on Family, Legacy Building, Community Involvement, Mentorship, Professional Leadership, Stability"
88,"Patience, Community Engagement, Health Management, Storytelling, Reflectiveness, Stability, Simplified Living, Social Connection, Leisure Pursuits, Wisdom Sharing"
29,"Multitasking, Health Consciousness, Relationship Building, Problem Solving, Stress Management, Networking, Career Development, Skill Acquisition, Home Ownership, Financial Planning"
22,"Skill Acquisition, Multitasking, Financial Planning, Stress Management, Networking, Career Development, Health Consciousness, Problem Solving, Home Ownership, Relationship Building"
86,"Social Connection, Patience, Stability, Storytelling, Reflectiveness, Leisure Pursuits, Community Engagement, Simplified Living, Wisdom Sharing, Health Management"
70,"Health Management, Community Engagement, Leisure Pursuits, Stability, Simplified Living, Storytelling, Wisdom Sharing, Patience, Reflectiveness, Social Connection"
58,"Focus on Family, Community Involvement, Work-Life Balance, Adaptability, Health Maintenance, Long-term Planning, Legacy Building, Professional Leadership, Mentorship, Stability"
39,"Health Consciousness, Skill Acquisition, Financial Planning, Networking, Relationship Building, Home Ownership, Stress Management, Multitasking, Career Development, Problem Solving"
84,"Reflectiveness, Storytelling, Community Engagement, Health Management, Social Connection, Stability, Wisdom Sharing, Simplified Living, Patience, Leisure Pursuits"
65,"Leisure Pursuits, Social Connection, Patience, Wisdom Sharing, Reflectiveness, Stability, Health Management, Community Engagement, Storytelling, Simplified Living"
45,"Stability, Professional Leadership, Focus on Family, Mentorship, Work-Life Balance, Community Involvement, Long-term Planning, Health Maintenance, Adaptability, Legacy Building"
37,"Stress Management, Financial Planning, Problem Solving, Career Development, Home Ownership, Multitasking, Skill Acquisition, Networking, Health Consciousness, Relationship Building"
72,"Leisure Pursuits, Simplified Living, Patience, Health Management, Stability, Social Connection, Wisdom Sharing, Reflectiveness, Storytelling, Community Engagement"
37,"Health Consciousness, Financial Planning, Relationship Building, Problem Solving, Home Ownership, Career Development, Multitasking, Skill Acquisition, Stress Management, Networking"
18,"Social Media Engagement, Digital Native, Exploratory Interests, Mood Fluctuations, Peer Orientation, Independence Seeking, Identity Seeking, Idealism, Academic Focus, Risk Taking"
25,"Financial Planning, Home Ownership, Problem Solving, Relationship Building, Stress Management, Networking, Skill Acquisition, Multitasking, Health Consciousness, Career Development"
52,"Professional Leadership, Stability, Community Involvement, Adaptability, Focus on Family, Health Maintenance, Legacy Building, Work-Life Balance, Long-term Planning, Mentorship"
24,"Problem Solving, Skill Acquisition, Financial Planning, Relationship Building, Stress Management, Networking, Career Development, Health Consciousness, Multitasking, Home Ownership"
12,"Imaginative Play, Exploration, Needs Guidance, Imitation, High Energy, Rapid Learning, Emotional Sensitivity, Attachment, Curiosity, Playfulness"
11,"Rapid Learning, Imaginative Play, Needs Guidance, Playfulness, Emotional Sensitivity, Curiosity, Exploration, Imitation, Attachment, High Energy"
71,"Stability, Health Management, Social Connection, Patience, Storytelling, Leisure Pursuits, Community Engagement, Reflectiveness, Wisdom Sharing, Simplified Living"
21,"Financial Planning, Skill Acquisition, Stress Management, Networking, Multitasking, Health Consciousness, Career Development, Relationship Building, Problem Solving, Home Ownership"
37,"Stress Management, Relationship Building, Health Consciousness, Home Ownership, Networking, Skill Acquisition, Problem Solving, Financial Planning, Career Development, Multitasking"
52,"Professional Leadership, Long-term Planning, Mentorship, Stability, Legacy Building, Health Maintenance, Work-Life Balance, Community Involvement, Focus on Family, Adaptability"
80,"Community Engagement, Storytelling, Patience, Leisure Pursuits, Health Management, Simplified Living, Wisdom Sharing, Social Connection, Reflectiveness, Stability"
63,"Health Maintenance, Mentorship, Community Involvement, Professional Leadership, Work-Life Balance, Focus on Family, Adaptability, Legacy Building, Long-term Planning, Stability"
26,"Career Development, Financial Planning, Health Consciousness, Problem Solving, Stress Management, Relationship Building, Networking, Skill Acquisition, Home Ownership, Multitasking"
34,"Relationship Building, Career Development, Financial Planning, Multitasking, Networking, Home Ownership, Problem Solving, Skill Acquisition, Health Consciousness, Stress Management"
42,"Stability, Mentorship, Community Involvement, Professional Leadership, Long-term Planning, Focus on Family, Adaptability, Legacy Building, Health Maintenance, Work-Life Balance"
55,"Stability, Mentorship, Work-Life Balance, Adaptability, Professional Leadership, Community Involvement, Focus on Family, Long-term Planning, Legacy Building, Health Maintenance"
58,"Professional Leadership, Adaptability, Mentorship, Health Maintenance, Legacy Building, Long-term Planning, Stability, Work-Life Balance, Focus on Family, Community Involvement"
12,"Curiosity, High Energy, Exploration, Rapid Learning, Attachment, Playfulness, Imitation, Imaginative Play, Emotional Sensitivity, Needs Guidance"
31,"Home Ownership, Stress Management, Problem Solving, Skill Acquisition, Networking, Financial Planning, Multitasking, Health Consciousness, Career Development, Relationship Building"
31,"Career Development, Home Ownership, Health Consciousness, Relationship Building, Stress Management, Problem Solving, Financial Planning, Networking, Multitasking, Skill Acquisition"
25,"Networking, Relationship Building, Stress Management, Financial Planning, Skill Acquisition, Health Consciousness, Career Development, Home Ownership, Problem Solving, Multitasking"
34,"Problem Solving, Career Development, Multitasking, Home Ownership, Skill Acquisition, Networking, Health Consciousness, Stress Management, Financial Planning, Relationship Building"
32,"Health Consciousness, Financial Planning, Multitasking, Career Development, Relationship Building, Home Ownership, Problem Solving, Networking, Skill Acquisition, Stress Management"
68,"Stability, Health Management, Social Connection, Simplified Living, Patience, Reflectiveness, Wisdom Sharing, Community Engagement, Leisure Pursuits, Storytelling"
73,"Simplified Living, Community Engagement, Patience, Leisure Pursuits, Health Management, Wisdom Sharing, Storytelling, Social Connection, Stability, Reflectiveness"
65,"Storytelling, Patience, Reflectiveness, Wisdom Sharing, Community Engagement, Social Connection, Leisure Pursuits, Simplified Living, Stability, Health Management"
52,"Mentorship, Community Involvement, Health Maintenance, Work-Life Balance, Focus on Family, Professional Leadership, Adaptability, Legacy Building, Long-term Planning, Stability"
23,"Problem Solving, Skill Acquisition, Home Ownership, Relationship Building, Career Development, Multitasking, Stress Management, Financial Planning, Networking, Health Consciousness"
8,"Playfulness, Attachment, Imitation, Exploration, Emotional Sensitivity, Curiosity, Imaginative Play, High Energy, Needs Guidance, Rapid Learning"
39,"Financial Planning, Relationship Building, Skill Acquisition, Multitasking, Problem Solving, Networking, Health Consciousness, Stress Management, Home Ownership, Career Development"
68,"Storytelling, Simplified Living, Patience, Wisdom Sharing, Community Engagement, Reflectiveness, Stability, Health Management, Social Connection, Leisure Pursuits"
53,"Focus on Family, Legacy Building, Work-Life Balance, Health Maintenance, Stability, Mentorship, Community Involvement, Adaptability, Long-term Planning, Professional Leadership"
21,"Networking, Financial Planning, Health Consciousness, Relationship Building, Career Development, Home Ownership, Multitasking, Skill Acquisition, Stress Management, Problem Solving"
48,"Focus on Family, Health Maintenance, Long-term Planning, Legacy Building, Professional Leadership, Mentorship, Community Involvement, Stability, Work-Life Balance, Adaptability"
34,"Problem Solving, Skill Acquisition, Financial Planning, Multitasking, Relationship Building, Home Ownership, Health Consciousness, Stress Management, Networking, Career Development"
50,"Health Maintenance, Community Involvement, Work-Life Balance, Professional Leadership, Mentorship, Focus on Family, Long-term Planning, Stability, Legacy Building, Adaptability"
10,"Playfulness, High Energy, Rapid Learning, Curiosity, Emotional Sensitivity, Imaginative Play, Attachment, Needs Guidance, Imitation, Exploration"
41,"Focus on Family, Stability, Legacy Building, Professional Leadership, Work-Life Balance, Community Involvement, Health Maintenance, Long-term Planning, Adaptability, Mentorship"
28,"Multitasking, Skill Acquisition, Problem Solving, Networking, Career Development, Health Consciousness, Home Ownership, Relationship Building, Stress Management, Financial Planning"
50,"Focus on Family, Professional Leadership, Legacy Building, Long-term Planning, Community Involvement, Work-Life Balance, Health Maintenance, Adaptability, Stability, Mentorship"
57,"Professional Leadership, Long-term Planning, Stability, Mentorship, Community Involvement, Work-Life Balance, Legacy Building, Health Maintenance, Adaptability, Focus on Family"
64,"Stability, Legacy Building, Community Involvement, Health Maintenance, Professional Leadership, Adaptability, Work-Life Balance, Focus on Family, Mentorship, Long-term Planning"
67,"Simplified Living, Social Connection, Leisure Pursuits, Stability, Patience, Wisdom Sharing, Community Engagement, Reflectiveness, Health Management, Storytelling"
89,"Reflectiveness, Social Connection, Health Management, Simplified Living, Wisdom Sharing, Storytelling, Leisure Pursuits, Patience, Stability, Community Engagement"
36,"Career Development, Financial Planning, Stress Management, Health Consciousness, Problem Solving, Multitasking, Home Ownership, Skill Acquisition, Networking, Relationship Building"
37,"Relationship Building, Problem Solving, Health Consciousness, Multitasking, Home Ownership, Skill Acquisition, Career Development, Stress Management, Networking, Financial Planning"
71,"Patience, Health Management, Social Connection, Simplified Living, Reflectiveness, Stability, Wisdom Sharing, Leisure Pursuits, Storytelling, Community Engagement"
22,"Career Development, Financial Planning, Home Ownership, Networking, Skill Acquisition, Problem Solving, Relationship Building, Stress Management, Multitasking, Health Consciousness"
29,"Multitasking, Skill Acquisition, Financial Planning, Health Consciousness, Career Development, Problem Solving, Stress Management, Networking, Relationship Building, Home Ownership"
58,"Legacy Building, Work-Life Balance, Adaptability, Stability, Community Involvement, Professional Leadership, Health Maintenance, Mentorship, Focus on Family, Long-term Planning"
62,"Professional Leadership, Adaptability, Work-Life Balance, Health Maintenance, Long-term Planning, Focus on Family, Legacy Building, Stability, Mentorship, Community Involvement"
71,"Leisure Pursuits, Community Engagement, Health Management, Stability, Patience, Reflectiveness, Storytelling, Wisdom Sharing, Simplified Living, Social Connection"
50,"Long-term Planning, Adaptability, Legacy Building, Health Maintenance, Work-Life Balance, Community Involvement, Focus on Family, Mentorship, Stability, Professional Leadership"
28,"Health Consciousness, Networking, Relationship Building, Stress Management, Home Ownership, Career Development, Financial Planning, Skill Acquisition, Problem Solving, Multitasking"
36,"Skill Acquisition, Relationship Building, Home Ownership, Financial Planning, Multitasking, Stress Management, Networking, Career Development, Health Consciousness, Problem Solving"
51,"Stability, Adaptability, Community Involvement, Mentorship, Focus on Family, Legacy Building, Long-term Planning, Work-Life Balance, Health Maintenance, Professional Leadership"
27,"Networking, Relationship Building, Health Consciousness, Financial Planning, Multitasking, Stress Management, Career Development, Skill Acquisition, Home Ownership, Problem Solving"
70,"Leisure Pursuits, Storytelling, Health Management, Reflectiveness, Wisdom Sharing, Simplified Living, Stability, Patience, Social Connection, Community Engagement"
31,"Relationship Building, Career Development, Home Ownership, Networking, Financial Planning, Problem Solving, Stress Management, Multitasking, Skill Acquisition, Health Consciousness"
6,"Rapid Learning, Exploration, Playfulness, Needs Guidance, Imaginative Play, Imitation, High Energy, Emotional Sensitivity, Curiosity, Attachment"
21,"Financial Planning, Stress Management, Skill Acquisition, Career Development, Relationship Building, Networking, Problem Solving, Home Ownership, Multitasking, Health Consciousness"
37,"Financial Planning, Problem Solving, Stress Management, Health Consciousness, Career Development, Relationship Building, Skill Acquisition, Home Ownership, Multitasking, Networking"
13,"Digital Native, Mood Fluctuations, Exploratory Interests, Idealism, Social Media Engagement, Peer Orientation, Academic Focus, Risk Taking, Independence Seeking, Identity Seeking"
47,"Adaptability, Mentorship, Legacy Building, Work-Life Balance, Long-term Planning, Professional Leadership, Health Maintenance, Focus on Family, Community Involvement, Stability"
52,"Community Involvement, Mentorship, Work-Life Balance, Long-term Planning, Health Maintenance, Professional Leadership, Adaptability, Focus on Family, Legacy Building, Stability"
43,"Focus on Family, Long-term Planning, Legacy Building, Health Maintenance, Community Involvement, Stability, Work-Life Balance, Adaptability, Professional Leadership, Mentorship"
46,"Community Involvement, Mentorship, Focus on Family, Work-Life Balance, Health Maintenance, Long-term Planning, Stability, Legacy Building, Professional Leadership, Adaptability"
30,"Networking, Problem Solving, Home Ownership, Career Development, Multitasking, Health Consciousness, Financial Planning, Relationship Building, Stress Management, Skill Acquisition"
54,"Professional Leadership, Mentorship, Legacy Building, Adaptability, Health Maintenance, Stability, Community Involvement, Work-Life Balance, Focus on Family, Long-term Planning"
29,"Networking, Financial Planning, Stress Management, Skill Acquisition, Health Consciousness, Problem Solving, Relationship Building, Career Development, Home Ownership, Multitasking"
28,"Career Development, Problem Solving, Stress Management, Relationship Building, Skill Acquisition, Multitasking, Health Consciousness, Home Ownership, Networking, Financial Planning"
17,"Independence Seeking, Peer Orientation, Risk Taking, Digital Native, Academic Focus, Exploratory Interests, Idealism, Mood Fluctuations, Identity Seeking, Social Media Engagement"
64,"Long-term Planning, Work-Life Balance, Health Maintenance, Mentorship, Stability, Focus on Family, Community Involvement, Adaptability, Legacy Building, Professional Leadership"
11,"Needs Guidance, Playfulness, Curiosity, Emotional Sensitivity, Imitation, Imaginative Play, Exploration, High Energy, Rapid Learning, Attachment"
61,"Legacy Building, Work-Life Balance, Stability, Community Involvement, Health Maintenance, Professional Leadership, Adaptability, Long-term Planning, Focus on Family, Mentorship"
40,"Stability, Community Involvement, Health Maintenance, Legacy Building, Work-Life Balance, Long-term Planning, Focus on Family, Adaptability, Professional Leadership, Mentorship"
49,"Adaptability, Work-Life Balance, Legacy Building, Long-term Planning, Professional Leadership, Focus on Family, Health Maintenance, Stability, Mentorship, Community Involvement"
24,"Stress Management, Skill Acquisition, Relationship Building, Networking, Health Consciousness, Career Development, Financial Planning, Problem Solving, Home Ownership, Multitasking"
69,"Reflectiveness, Storytelling, Leisure Pursuits, Community Engagement, Stability, Social Connection, Simplified Living, Patience, Health Management, Wisdom Sharing"
12,"Imaginative Play, Imitation, Playfulness, Rapid Learning, Emotional Sensitivity, Attachment, High Energy, Needs Guidance, Exploration, Curiosity"
20,"Career Development, Problem Solving, Multitasking, Stress Management, Networking, Skill Acquisition, Relationship Building, Health Consciousness, Financial Planning, Home Ownership"
18,"Independence Seeking, Digital Native, Identity Seeking, Peer Orientation, Risk Taking, Academic Focus, Idealism, Social Media Engagement, Exploratory Interests, Mood Fluctuations"
80,"Simplified Living, Patience, Wisdom Sharing, Leisure Pursuits, Social Connection, Stability, Community Engagement, Reflectiveness, Storytelling, Health Management"
19,"Social Media Engagement, Identity Seeking, Idealism, Exploratory Interests, Risk Taking, Peer Orientation, Mood Fluctuations, Independence Seeking, Digital Native, Academic Focus"
70,"Reflectiveness, Stability, Patience, Storytelling, Wisdom Sharing, Simplified Living, Leisure Pursuits, Health Management, Social Connection, Community Engagement"
36,"Skill Acquisition, Financial Planning, Home Ownership, Problem Solving, Career Development, Relationship Building, Networking, Health Consciousness, Multitasking, Stress Management"
67,"Wisdom Sharing, Storytelling, Stability, Community Engagement, Leisure Pursuits, Patience, Social Connection, Reflectiveness, Health Management, Simplified Living"
55,"Adaptability, Long-term Planning, Community Involvement, Stability, Health Maintenance, Mentorship, Work-Life Balance, Focus on Family, Professional Leadership, Legacy Building"
29,"Problem Solving, Health Consciousness, Multitasking, Career Development, Relationship Building, Financial Planning, Home Ownership, Networking, Stress Management, Skill Acquisition"
62,"Adaptability, Mentorship, Professional Leadership, Health Maintenance, Long-term Planning, Work-Life Balance, Community Involvement, Focus on Family, Legacy Building, Stability"
67,"Stability, Health Management, Storytelling, Reflectiveness, Social Connection, Wisdom Sharing, Simplified Living, Leisure Pursuits, Patience, Community Engagement"
66,"Simplified Living, Patience, Reflectiveness, Community Engagement, Stability, Leisure Pursuits, Social Connection, Wisdom Sharing, Storytelling, Health Management"
26,"Health Consciousness, Stress Management, Skill Acquisition, Problem Solving, Career Development, Financial Planning, Multitasking, Relationship Building, Home Ownership, Networking"
62,"Adaptability, Health Maintenance, Mentorship, Focus on Family, Professional Leadership, Long-term Planning, Work-Life Balance, Stability, Community Involvement, Legacy Building"
62,"Long-term Planning, Professional Leadership, Community Involvement, Work-Life Balance, Health Maintenance, Legacy Building, Mentorship, Stability, Adaptability, Focus on Family"
53,"Long-term Planning, Stability, Mentorship, Health Maintenance, Focus on Family, Adaptability, Professional Leadership, Legacy Building, Work-Life Balance, Community Involvement"
56,"Professional Leadership, Adaptability, Stability, Mentorship, Focus on Family, Community Involvement, Work-Life Balance, Long-term Planning, Legacy Building, Health Maintenance"
46,"Mentorship, Health Maintenance, Legacy Building, Adaptability, Long-term Planning, Work-Life Balance, Professional Leadership, Focus on Family, Community Involvement, Stability"
74,"Social Connection, Patience, Health Management, Stability, Simplified Living, Community Engagement, Leisure Pursuits, Wisdom Sharing, Reflectiveness, Storytelling"
19,"Risk Taking, Mood Fluctuations, Independence Seeking, Exploratory Interests, Peer Orientation, Academic Focus, Social Media Engagement, Idealism, Digital Native, Identity Seeking"
58,"Health Maintenance, Long-term Planning, Adaptability, Mentorship, Focus on Family, Stability, Professional Leadership, Work-Life Balance, Legacy Building, Community Involvement"
64,"Mentorship, Health Maintenance, Adaptability, Community Involvement, Focus on Family, Stability, Work-Life Balance, Legacy Building, Professional Leadership, Long-term Planning"
12,"Attachment, Rapid Learning, Curiosity, Imitation, Emotional Sensitivity, Needs Guidance, Playfulness, High Energy, Exploration, Imaginative Play"
57,"Work-Life Balance, Stability, Legacy Building, Adaptability, Community Involvement, Professional Leadership, Health Maintenance, Mentorship, Long-term Planning, Focus on Family"
64,"Professional Leadership, Stability, Health Maintenance, Legacy Building, Community Involvement, Focus on Family, Mentorship, Adaptability, Long-term Planning, Work-Life Balance"
9,"Imitation, Attachment, High Energy, Playfulness, Needs Guidance, Rapid Learning, Imaginative Play, Emotional Sensitivity, Exploration, Curiosity"
72,"Health Management, Social Connection, Storytelling, Community Engagement, Simplified Living, Wisdom Sharing, Leisure Pursuits, Patience, Stability, Reflectiveness"
10,"Curiosity, Imitation, Imaginative Play, Rapid Learning, Emotional Sensitivity, Attachment, Needs Guidance, Exploration, Playfulness, High Energy"
51,"Stability, Legacy Building, Mentorship, Work-Life Balance, Long-term Planning, Professional Leadership, Focus on Family, Adaptability, Community Involvement, Health Maintenance"
59,"Mentorship, Focus on Family, Long-term Planning, Community Involvement, Professional Leadership, Stability, Legacy Building, Health Maintenance, Adaptability, Work-Life Balance"
44,"Community Involvement, Adaptability, Mentorship, Long-term Planning, Legacy Building, Health Maintenance, Focus on Family, Stability, Work-Life Balance, Professional Leadership"
56,"Adaptability, Stability, Focus on Family, Legacy Building, Health Maintenance, Mentorship, Professional Leadership, Community Involvement, Work-Life Balance, Long-term Planning"
20,"Financial Planning, Career Development, Problem Solving, Stress Management, Networking, Relationship Building, Health Consciousness, Home Ownership, Multitasking, Skill Acquisition"
17,"Identity Seeking, Independence Seeking, Exploratory Interests, Risk Taking, Idealism, Academic Focus, Mood Fluctuations, Peer Orientation, Digital Native, Social Media Engagement"
34,"Skill Acquisition, Multitasking, Home Ownership, Health Consciousness, Financial Planning, Relationship Building, Stress Management, Problem Solving, Career Development, Networking"
23,"Problem Solving, Relationship Building, Career Development, Home Ownership, Stress Management, Financial Planning, Health Consciousness, Skill Acquisition, Networking, Multitasking"
21,"Multitasking, Health Consciousness, Relationship Building, Home Ownership, Problem Solving, Stress Management, Financial Planning, Skill Acquisition, Networking, Career Development"
67,"Storytelling, Social Connection, Reflectiveness, Simplified Living, Stability, Community Engagement, Wisdom Sharing, Patience, Health Management, Leisure Pursuits"
23,"Problem Solving, Home Ownership, Health Consciousness, Stress Management, Relationship Building, Networking, Multitasking, Financial Planning, Career Development, Skill Acquisition"
62,"Focus on Family, Legacy Building, Health Maintenance, Stability, Mentorship, Long-term Planning, Professional Leadership, Work-Life Balance, Community Involvement, Adaptability"
59,"Focus on Family, Professional Leadership, Stability, Long-term Planning, Mentorship, Adaptability, Community Involvement, Legacy Building, Work-Life Balance, Health Maintenance"
66,"Simplified Living, Community Engagement, Storytelling, Leisure Pursuits, Reflectiveness, Social Connection, Wisdom Sharing, Health Management, Stability, Patience"
27,"Skill Acquisition, Health Consciousness, Multitasking, Home Ownership, Problem Solving, Financial Planning, Networking, Relationship Building, Stress Management, Career Development"
13,"Identity Seeking, Exploratory Interests, Risk Taking, Peer Orientation, Digital Native, Idealism, Mood Fluctuations, Independence Seeking, Social Media Engagement, Academic Focus"
16,"Exploratory Interests, Identity Seeking, Independence Seeking, Mood Fluctuations, Social Media Engagement, Peer Orientation, Idealism, Academic Focus, Risk Taking, Digital Native"
5,"Rapid Learning, Needs Guidance, Emotional Sensitivity, Imitation, Curiosity, Exploration, Attachment, High Energy, Playfulness, Imaginative Play"
62,"Stability, Work-Life Balance, Adaptability, Professional Leadership, Focus on Family, Mentorship, Long-term Planning, Community Involvement, Health Maintenance, Legacy Building"
5,"Rapid Learning, Imitation, Emotional Sensitivity, Curiosity, Imaginative Play, Attachment, Exploration, High Energy, Playfulness, Needs Guidance"
38,"Problem Solving, Relationship Building, Skill Acquisition, Health Consciousness, Multitasking, Networking, Stress Management, Home Ownership, Financial Planning, Career Development"
52,"Mentorship, Work-Life Balance, Adaptability, Stability, Health Maintenance, Long-term Planning, Community Involvement, Legacy Building, Focus on Family, Professional Leadership"
5,"High Energy, Playfulness, Attachment, Imaginative Play, Rapid Learning, Curiosity, Imitation, Needs Guidance, Emotional Sensitivity, Exploration"
20,"Home Ownership, Skill Acquisition, Health Consciousness, Networking, Financial Planning, Career Development, Relationship Building, Multitasking, Problem Solving, Stress Management"
65,"Patience, Health Management, Wisdom Sharing, Reflectiveness, Social Connection, Community Engagement, Simplified Living, Stability, Storytelling, Leisure Pursuits"
68,"Storytelling, Patience, Stability, Health Management, Simplified Living, Reflectiveness, Leisure Pursuits, Wisdom Sharing, Community Engagement, Social Connection"
67,"Wisdom Sharing, Community Engagement, Patience, Leisure Pursuits, Social Connection, Stability, Simplified Living, Storytelling, Reflectiveness, Health Management"
73,"Community Engagement, Leisure Pursuits, Wisdom Sharing, Simplified Living, Health Management, Social Connection, Reflectiveness, Storytelling, Patience, Stability"
26,"Home Ownership, Financial Planning, Stress Management, Relationship Building, Skill Acquisition, Health Consciousness, Multitasking, Career Development, Problem Solving, Networking"
71,"Wisdom Sharing, Stability, Health Management, Community Engagement, Storytelling, Social Connection, Reflectiveness, Leisure Pursuits, Simplified Living, Patience"
80,"Wisdom Sharing, Simplified Living, Health Management, Stability, Community Engagement, Patience, Social Connection, Storytelling, Leisure Pursuits, Reflectiveness"
30,"Health Consciousness, Career Development, Financial Planning, Stress Management, Multitasking, Skill Acquisition, Networking, Problem Solving, Home Ownership, Relationship Building"
20,"Health Consciousness, Career Development, Stress Management, Financial Planning, Networking, Problem Solving, Home Ownership, Skill Acquisition, Relationship Building, Multitasking"
55,"Community Involvement, Focus on Family, Adaptability, Professional Leadership, Mentorship, Stability, Health Maintenance, Long-term Planning, Work-Life Balance, Legacy Building"
61,"Mentorship, Focus on Family, Adaptability, Long-term Planning, Professional Leadership, Work-Life Balance, Legacy Building, Stability, Health Maintenance, Community Involvement"
33,"Financial Planning, Stress Management, Multitasking, Skill Acquisition, Relationship Building, Problem Solving, Home Ownership, Career Development, Networking, Health Consciousness"
82,"Social Connection, Stability, Simplified Living, Reflectiveness, Leisure Pursuits, Community Engagement, Storytelling, Wisdom Sharing, Patience, Health Management"
73,"Simplified Living, Social Connection, Community Engagement, Leisure Pursuits, Reflectiveness, Storytelling, Patience, Health Management, Wisdom Sharing, Stability"
51,"Stability, Mentorship, Adaptability, Legacy Building, Focus on Family, Long-term Planning, Work-Life Balance, Community Involvement, Health Maintenance, Professional Leadership"
66,"Reflectiveness, Storytelling, Health Management, Patience, Community Engagement, Leisure Pursuits, Social Connection, Stability, Simplified Living, Wisdom Sharing"
73,"Stability, Wisdom Sharing, Patience, Health Management, Leisure Pursuits, Community Engagement, Social Connection, Storytelling, Reflectiveness, Simplified Living"
80,"Community Engagement, Patience, Social Connection, Simplified Living, Reflectiveness, Storytelling, Stability, Wisdom Sharing, Health Management, Leisure Pursuits"
20,"Problem Solving, Skill Acquisition, Relationship Building, Stress Management, Home Ownership, Health Consciousness, Financial Planning, Multitasking, Career Development, Networking"
52,"Community Involvement, Legacy Building, Professional Leadership, Stability, Focus on Family, Adaptability, Mentorship, Health Maintenance, Work-Life Balance, Long-term Planning"
89,"Social Connection, Wisdom Sharing, Stability, Patience, Health Management, Leisure Pursuits, Community Engagement, Storytelling, Simplified Living, Reflectiveness"
43,"Mentorship, Stability, Adaptability, Focus on Family, Long-term Planning, Health Maintenance, Work-Life Balance, Professional Leadership, Legacy Building, Community Involvement"
37,"Relationship Building, Financial Planning, Health Consciousness, Stress Management, Multitasking, Networking, Problem Solving, Home Ownership, Career Development, Skill Acquisition"
27,"Problem Solving, Multitasking, Relationship Building, Career Development, Stress Management, Networking, Skill Acquisition, Health Consciousness, Financial Planning, Home Ownership"
14,"Risk Taking, Idealism, Identity Seeking, Peer Orientation, Digital Native, Exploratory Interests, Social Media Engagement, Mood Fluctuations, Independence Seeking, Academic Focus"
73,"Stability, Leisure Pursuits, Wisdom Sharing, Storytelling, Community Engagement, Patience, Reflectiveness, Social Connection, Simplified Living, Health Management"
38,"Career Development, Relationship Building, Skill Acquisition, Networking, Health Consciousness, Problem Solving, Home Ownership, Financial Planning, Multitasking, Stress Management"
56,"Focus on Family, Adaptability, Work-Life Balance, Legacy Building, Mentorship, Professional Leadership, Stability, Community Involvement, Long-term Planning, Health Maintenance"
14,"Mood Fluctuations, Identity Seeking, Academic Focus, Risk Taking, Exploratory Interests, Social Media Engagement, Digital Native, Idealism, Independence Seeking, Peer Orientation"
23,"Relationship Building, Health Consciousness, Networking, Problem Solving, Financial Planning, Career Development, Home Ownership, Stress Management, Multitasking, Skill Acquisition"
62,"Long-term Planning, Work-Life Balance, Legacy Building, Adaptability, Health Maintenance, Mentorship, Focus on Family, Community Involvement, Professional Leadership, Stability"
5,"Playfulness, Needs Guidance, Rapid Learning, Attachment, High Energy, Curiosity, Imitation, Imaginative Play, Exploration, Emotional Sensitivity"
73,"Community Engagement, Patience, Storytelling, Wisdom Sharing, Social Connection, Health Management, Leisure Pursuits, Stability, Simplified Living, Reflectiveness"
8,"High Energy, Playfulness, Attachment, Imaginative Play, Rapid Learning, Exploration, Imitation, Curiosity, Needs Guidance, Emotional Sensitivity"
20,"Financial Planning, Relationship Building, Skill Acquisition, Health Consciousness, Stress Management, Networking, Problem Solving, Career Development, Home Ownership, Multitasking"
28,"Skill Acquisition, Networking, Health Consciousness, Career Development, Multitasking, Home Ownership, Financial Planning, Problem Solving, Relationship Building, Stress Management"
84,"Leisure Pursuits, Community Engagement, Storytelling, Reflectiveness, Wisdom Sharing, Social Connection, Patience, Simplified Living, Health Management, Stability"
6,"Rapid Learning, Needs Guidance, Emotional Sensitivity, Attachment, Playfulness, Curiosity, Imaginative Play, High Energy, Imitation, Exploration"
36,"Financial Planning, Stress Management, Skill Acquisition, Problem Solving, Career Development, Multitasking, Relationship Building, Networking, Health Consciousness, Home Ownership"
88,"Social Connection, Leisure Pursuits, Community Engagement, Storytelling, Health Management, Simplified Living, Wisdom Sharing, Reflectiveness, Patience, Stability"
28,"Networking, Financial Planning, Stress Management, Skill Acquisition, Career Development, Problem Solving, Health Consciousness, Relationship Building, Multitasking, Home Ownership"
16,"Independence Seeking, Risk Taking, Mood Fluctuations, Digital Native, Academic Focus, Social Media Engagement, Identity Seeking, Peer Orientation, Exploratory Interests, Idealism"
54,"Focus on Family, Long-term Planning, Stability, Legacy Building, Health Maintenance, Professional Leadership, Work-Life Balance, Community Involvement, Mentorship, Adaptability"
39,"Relationship Building, Health Consciousness, Stress Management, Multitasking, Career Development, Home Ownership, Problem Solving, Financial Planning, Skill Acquisition, Networking"
37,"Stress Management, Financial Planning, Problem Solving, Multitasking, Skill Acquisition, Networking, Career Development, Relationship Building, Home Ownership, Health Consciousness"
37,"Networking, Multitasking, Home Ownership, Problem Solving, Career Development, Skill Acquisition, Stress Management, Financial Planning, Health Consciousness, Relationship Building"
65,"Stability, Community Engagement, Wisdom Sharing, Leisure Pursuits, Social Connection, Patience, Storytelling, Simplified Living, Health Management, Reflectiveness"
55,"Community Involvement, Legacy Building, Health Maintenance, Professional Leadership, Focus on Family, Long-term Planning, Mentorship, Stability, Adaptability, Work-Life Balance"
47,"Legacy Building, Professional Leadership, Focus on Family, Mentorship, Health Maintenance, Adaptability, Long-term Planning, Work-Life Balance, Community Involvement, Stability"
16,"Digital Native, Academic Focus, Risk Taking, Peer Orientation, Idealism, Independence Seeking, Identity Seeking, Exploratory Interests, Social Media Engagement, Mood Fluctuations"
71,"Health Management, Stability, Storytelling, Social Connection, Simplified Living, Reflectiveness, Patience, Wisdom Sharing, Community Engagement, Leisure Pursuits"
69,"Reflectiveness, Social Connection, Storytelling, Patience, Health Management, Wisdom Sharing, Community Engagement, Leisure Pursuits, Stability, Simplified Living"
37,"Stress Management, Health Consciousness, Networking, Problem Solving, Skill Acquisition, Home Ownership, Career Development, Relationship Building, Multitasking, Financial Planning"
44,"Long-term Planning, Mentorship, Focus on Family, Health Maintenance, Stability, Professional Leadership, Legacy Building, Adaptability, Community Involvement, Work-Life Balance"
78,"Simplified Living, Health Management, Storytelling, Reflectiveness, Patience, Stability, Social Connection, Wisdom Sharing, Community Engagement, Leisure Pursuits"
47,"Health Maintenance, Work-Life Balance, Legacy Building, Stability, Focus on Family, Professional Leadership, Adaptability, Community Involvement, Mentorship, Long-term Planning"
48,"Work-Life Balance, Focus on Family, Professional Leadership, Stability, Mentorship, Adaptability, Community Involvement, Health Maintenance, Legacy Building, Long-term Planning"
33,"Problem Solving, Career Development, Networking, Skill Acquisition, Home Ownership, Stress Management, Relationship Building, Financial Planning, Health Consciousness, Multitasking"
17,"Peer Orientation, Social Media Engagement, Idealism, Risk Taking, Digital Native, Identity Seeking, Academic Focus, Independence Seeking, Mood Fluctuations, Exploratory Interests"
16,"Exploratory Interests, Digital Native, Mood Fluctuations, Peer Orientation, Social Media Engagement, Risk Taking, Independence Seeking, Academic Focus, Identity Seeking, Idealism"
50,"Professional Leadership, Legacy Building, Health Maintenance, Mentorship, Stability, Community Involvement, Work-Life Balance, Focus on Family, Adaptability, Long-term Planning"
6,"Imaginative Play, Playfulness, Exploration, Needs Guidance, Imitation, Emotional Sensitivity, Attachment, Rapid Learning, Curiosity, High Energy"
39,"Skill Acquisition, Financial Planning, Home Ownership, Networking, Career Development, Health Consciousness, Multitasking, Problem Solving, Stress Management, Relationship Building"
85,"Leisure Pursuits, Health Management, Social Connection, Simplified Living, Reflectiveness, Stability, Community Engagement, Patience, Storytelling, Wisdom Sharing"
12,"Emotional Sensitivity, Playfulness, Imitation, High Energy, Imaginative Play, Rapid Learning, Attachment, Needs Guidance, Exploration, Curiosity"
30,"Multitasking, Skill Acquisition, Networking, Problem Solving, Relationship Building, Home Ownership, Stress Management, Health Consciousness, Career Development, Financial Planning"
78,"Simplified Living, Social Connection, Storytelling, Community Engagement, Patience, Leisure Pursuits, Reflectiveness, Health Management, Wisdom Sharing, Stability"
38,"Health Consciousness, Problem Solving, Networking, Multitasking, Career Development, Relationship Building, Skill Acquisition, Stress Management, Financial Planning, Home Ownership"
11,"Imaginative Play, Attachment, Playfulness, Needs Guidance, Rapid Learning, Exploration, High Energy, Imitation, Emotional Sensitivity, Curiosity"
72,"Wisdom Sharing, Community Engagement, Reflectiveness, Stability, Leisure Pursuits, Storytelling, Patience, Social Connection, Health Management, Simplified Living"
62,"Professional Leadership, Stability, Focus on Family, Mentorship, Health Maintenance, Work-Life Balance, Community Involvement, Adaptability, Legacy Building, Long-term Planning"
79,"Patience, Leisure Pursuits, Simplified Living, Storytelling, Health Management, Reflectiveness, Wisdom Sharing, Community Engagement, Social Connection, Stability"
33,"Health Consciousness, Problem Solving, Multitasking, Financial Planning, Stress Management, Relationship Building, Home Ownership, Career Development, Networking, Skill Acquisition"
40,"Work-Life Balance, Health Maintenance, Mentorship, Professional Leadership, Adaptability, Legacy Building, Long-term Planning, Community Involvement, Focus on Family, Stability"
25,"Financial Planning, Problem Solving, Skill Acquisition, Relationship Building, Multitasking, Career Development, Networking, Home Ownership, Health Consciousness, Stress Management"
40,"Legacy Building, Health Maintenance, Professional Leadership, Community Involvement, Stability, Adaptability, Work-Life Balance, Mentorship, Focus on Family, Long-term Planning"
14,"Idealism, Peer Orientation, Digital Native, Mood Fluctuations, Identity Seeking, Social Media Engagement, Exploratory Interests, Independence Seeking, Academic Focus, Risk Taking"
77,"Health Management, Community Engagement, Simplified Living, Storytelling, Reflectiveness, Patience, Stability, Social Connection, Wisdom Sharing, Leisure Pursuits"
28,"Networking, Skill Acquisition, Financial Planning, Stress Management, Multitasking, Relationship Building, Career Development, Home Ownership, Health Consciousness, Problem Solving"
68,"Health Management, Leisure Pursuits, Social Connection, Wisdom Sharing, Simplified Living, Reflectiveness, Community Engagement, Stability, Patience, Storytelling"
53,"Focus on Family, Community Involvement, Adaptability, Legacy Building, Work-Life Balance, Health Maintenance, Long-term Planning, Mentorship, Professional Leadership, Stability"
40,"Professional Leadership, Stability, Legacy Building, Health Maintenance, Focus on Family, Adaptability, Community Involvement, Mentorship, Long-term Planning, Work-Life Balance"
86,"Stability, Simplified Living, Storytelling, Leisure Pursuits, Patience, Community Engagement, Health Management, Social Connection, Reflectiveness, Wisdom Sharing"
28,"Multitasking, Home Ownership, Problem Solving, Relationship Building, Career Development, Skill Acquisition, Networking, Financial Planning, Health Consciousness, Stress Management"
27,"Networking, Health Consciousness, Financial Planning, Stress Management, Multitasking, Problem Solving, Relationship Building, Home Ownership, Skill Acquisition, Career Development"
66,"Simplified Living, Patience, Wisdom Sharing, Leisure Pursuits, Community Engagement, Stability, Health Management, Reflectiveness, Social Connection, Storytelling"
41,"Stability, Professional Leadership, Focus on Family, Adaptability, Long-term Planning, Work-Life Balance, Mentorship, Legacy Building, Health Maintenance, Community Involvement"
16,"Identity Seeking, Exploratory Interests, Idealism, Social Media Engagement, Academic Focus, Risk Taking, Peer Orientation, Digital Native, Mood Fluctuations, Independence Seeking"
59,"Long-term Planning, Mentorship, Community Involvement, Professional Leadership, Health Maintenance, Stability, Adaptability, Work-Life Balance, Legacy Building, Focus on Family"
17,"Exploratory Interests, Social Media Engagement, Academic Focus, Idealism, Peer Orientation, Mood Fluctuations, Independence Seeking, Identity Seeking, Risk Taking, Digital Native"
27,"Financial Planning, Problem Solving, Multitasking, Stress Management, Skill Acquisition, Home Ownership, Health Consciousness, Networking, Relationship Building, Career Development"
34,"Stress Management, Networking, Financial Planning, Health Consciousness, Home Ownership, Multitasking, Skill Acquisition, Relationship Building, Career Development, Problem Solving"
21,"Networking, Stress Management, Skill Acquisition, Multitasking, Problem Solving, Health Consciousness, Home Ownership, Relationship Building, Career Development, Financial Planning"
66,"Storytelling, Stability, Patience, Leisure Pursuits, Social Connection, Community Engagement, Simplified Living, Health Management, Wisdom Sharing, Reflectiveness"
88,"Patience, Reflectiveness, Simplified Living, Stability, Health Management, Wisdom Sharing, Community Engagement, Social Connection, Leisure Pursuits, Storytelling"
17,"Risk Taking, Academic Focus, Mood Fluctuations, Peer Orientation, Digital Native, Idealism, Social Media Engagement, Exploratory Interests, Independence Seeking, Identity Seeking"
63,"Adaptability, Focus on Family, Work-Life Balance, Legacy Building, Professional Leadership, Health Maintenance, Long-term Planning, Community Involvement, Stability, Mentorship"
23,"Multitasking, Career Development, Relationship Building, Health Consciousness, Stress Management, Networking, Skill Acquisition, Home Ownership, Problem Solving, Financial Planning"
53,"Stability, Focus on Family, Work-Life Balance, Health Maintenance, Professional Leadership, Mentorship, Long-term Planning, Adaptability, Community Involvement, Legacy Building"
16,"Academic Focus, Exploratory Interests, Mood Fluctuations, Digital Native, Identity Seeking, Idealism, Peer Orientation, Risk Taking, Social Media Engagement, Independence Seeking"
65,"Stability, Social Connection, Health Management, Patience, Reflectiveness, Wisdom Sharing, Storytelling, Leisure Pursuits, Community Engagement, Simplified Living"
23,"Stress Management, Multitasking, Relationship Building, Career Development, Financial Planning, Health Consciousness, Problem Solving, Networking, Home Ownership, Skill Acquisition"
80,"Patience, Health Management, Reflectiveness, Storytelling, Community Engagement, Wisdom Sharing, Social Connection, Simplified Living, Stability, Leisure Pursuits"
13,"Mood Fluctuations, Digital Native, Peer Orientation, Risk Taking, Idealism, Identity Seeking, Academic Focus, Independence Seeking, Exploratory Interests, Social Media Engagement"
75,"Leisure Pursuits, Patience, Simplified Living, Wisdom Sharing, Health Management, Community Engagement, Social Connection, Storytelling, Reflectiveness, Stability"
32,"Relationship Building, Multitasking, Career Development, Financial Planning, Skill Acquisition, Stress Management, Home Ownership, Networking, Problem Solving, Health Consciousness"
82,"Simplified Living, Social Connection, Wisdom Sharing, Storytelling, Health Management, Patience, Leisure Pursuits, Community Engagement, Stability, Reflectiveness"
56,"Professional Leadership, Adaptability, Health Maintenance, Long-term Planning, Community Involvement, Stability, Legacy Building, Work-Life Balance, Focus on Family, Mentorship"
87,"Storytelling, Simplified Living, Stability, Reflectiveness, Social Connection, Community Engagement, Leisure Pursuits, Health Management, Wisdom Sharing, Patience"
20,"Multitasking, Stress Management, Networking, Relationship Building, Health Consciousness, Home Ownership, Skill Acquisition, Financial Planning, Career Development, Problem Solving"
73,"Simplified Living, Storytelling, Health Management, Social Connection, Wisdom Sharing, Reflectiveness, Stability, Community Engagement, Patience, Leisure Pursuits"
16,"Identity Seeking, Exploratory Interests, Risk Taking, Peer Orientation, Idealism, Academic Focus, Independence Seeking, Digital Native, Mood Fluctuations, Social Media Engagement"
29,"Financial Planning, Stress Management, Health Consciousness, Multitasking, Skill Acquisition, Networking, Home Ownership, Career Development, Relationship Building, Problem Solving"
56,"Work-Life Balance, Legacy Building, Adaptability, Focus on Family, Stability, Health Maintenance, Long-term Planning, Community Involvement, Mentorship, Professional Leadership"
89,"Reflectiveness, Social Connection, Storytelling, Health Management, Community Engagement, Leisure Pursuits, Patience, Stability, Wisdom Sharing, Simplified Living"
57,"Adaptability, Work-Life Balance, Mentorship, Stability, Long-term Planning, Legacy Building, Focus on Family, Health Maintenance, Community Involvement, Professional Leadership"
27,"Financial Planning, Skill Acquisition, Networking, Stress Management, Home Ownership, Health Consciousness, Multitasking, Relationship Building, Problem Solving, Career Development"
20,"Problem Solving, Networking, Stress Management, Financial Planning, Relationship Building, Skill Acquisition, Career Development, Health Consciousness, Multitasking, Home Ownership"
61,"Health Maintenance, Focus on Family, Community Involvement, Stability, Legacy Building, Adaptability, Long-term Planning, Work-Life Balance, Professional Leadership, Mentorship"
43,"Focus on Family, Health Maintenance, Stability, Work-Life Balance, Professional Leadership, Community Involvement, Long-term Planning, Mentorship, Legacy Building, Adaptability"
57,"Long-term Planning, Legacy Building, Health Maintenance, Work-Life Balance, Focus on Family, Mentorship, Professional Leadership, Community Involvement, Adaptability, Stability"
46,"Community Involvement, Health Maintenance, Adaptability, Legacy Building, Work-Life Balance, Stability, Long-term Planning, Focus on Family, Professional Leadership, Mentorship"
62,"Adaptability, Professional Leadership, Legacy Building, Community Involvement, Focus on Family, Health Maintenance, Long-term Planning, Stability, Work-Life Balance, Mentorship"
43,"Mentorship, Health Maintenance, Focus on Family, Long-term Planning, Community Involvement, Legacy Building, Work-Life Balance, Stability, Professional Leadership, Adaptability"
18,"Social Media Engagement, Identity Seeking, Exploratory Interests, Peer Orientation, Independence Seeking, Mood Fluctuations, Risk Taking, Idealism, Academic Focus, Digital Native"
9,"Attachment, Curiosity, Imaginative Play, Exploration, Imitation, High Energy, Playfulness, Needs Guidance, Rapid Learning, Emotional Sensitivity"
39,"Financial Planning, Problem Solving, Multitasking, Health Consciousness, Relationship Building, Home Ownership, Career Development, Stress Management, Networking, Skill Acquisition"
79,"Reflectiveness, Social Connection, Community Engagement, Health Management, Storytelling, Leisure Pursuits, Wisdom Sharing, Stability, Simplified Living, Patience"
22,"Health Consciousness, Home Ownership, Networking, Multitasking, Stress Management, Problem Solving, Financial Planning, Skill Acquisition, Career Development, Relationship Building"
80,"Simplified Living, Patience, Stability, Social Connection, Reflectiveness, Storytelling, Community Engagement, Wisdom Sharing, Health Management, Leisure Pursuits"
13,"Exploratory Interests, Identity Seeking, Social Media Engagement, Independence Seeking, Risk Taking, Mood Fluctuations, Idealism, Peer Orientation, Academic Focus, Digital Native"
78,"Storytelling, Wisdom Sharing, Stability, Patience, Community Engagement, Health Management, Leisure Pursuits, Social Connection, Reflectiveness, Simplified Living"
62,"Stability, Health Maintenance, Mentorship, Adaptability, Legacy Building, Long-term Planning, Work-Life Balance, Community Involvement, Focus on Family, Professional Leadership"
21,"Financial Planning, Stress Management, Skill Acquisition, Career Development, Relationship Building, Home Ownership, Networking, Health Consciousness, Problem Solving, Multitasking"
11,"Attachment, Rapid Learning, Emotional Sensitivity, Playfulness, Imitation, Exploration, Curiosity, Needs Guidance, High Energy, Imaginative Play"
50,"Long-term Planning, Adaptability, Focus on Family, Health Maintenance, Professional Leadership, Mentorship, Work-Life Balance, Legacy Building, Stability, Community Involvement"
17,"Social Media Engagement, Identity Seeking, Peer Orientation, Idealism, Exploratory Interests, Independence Seeking, Academic Focus, Digital Native, Mood Fluctuations, Risk Taking"
44,"Community Involvement, Mentorship, Adaptability, Professional Leadership, Work-Life Balance, Long-term Planning, Legacy Building, Focus on Family, Health Maintenance, Stability"
46,"Professional Leadership, Adaptability, Legacy Building, Work-Life Balance, Long-term Planning, Focus on Family, Community Involvement, Stability, Mentorship, Health Maintenance"
13,"Social Media Engagement, Peer Orientation, Digital Native, Academic Focus, Idealism, Independence Seeking, Risk Taking, Exploratory Interests, Identity Seeking, Mood Fluctuations"
54,"Legacy Building, Community Involvement, Long-term Planning, Health Maintenance, Adaptability, Stability, Work-Life Balance, Professional Leadership, Mentorship, Focus on Family"
31,"Financial Planning, Skill Acquisition, Networking, Multitasking, Problem Solving, Health Consciousness, Relationship Building, Career Development, Stress Management, Home Ownership"
70,"Wisdom Sharing, Patience, Health Management, Reflectiveness, Storytelling, Social Connection, Leisure Pursuits, Community Engagement, Simplified Living, Stability"
9,"Imaginative Play, High Energy, Playfulness, Needs Guidance, Curiosity, Emotional Sensitivity, Exploration, Imitation, Rapid Learning, Attachment"
33,"Financial Planning, Career Development, Skill Acquisition, Stress Management, Multitasking, Relationship Building, Networking, Home Ownership, Problem Solving, Health Consciousness"
41,"Community Involvement, Legacy Building, Focus on Family, Long-term Planning, Work-Life Balance, Stability, Adaptability, Health Maintenance, Professional Leadership, Mentorship"
42,"Mentorship, Professional Leadership, Long-term Planning, Community Involvement, Health Maintenance, Legacy Building, Stability, Work-Life Balance, Adaptability, Focus on Family"
87,"Wisdom Sharing, Health Management, Social Connection, Simplified Living, Community Engagement, Storytelling, Stability, Leisure Pursuits, Patience, Reflectiveness"
12,"Imaginative Play, Emotional Sensitivity, Exploration, Imitation, High Energy, Attachment, Rapid Learning, Playfulness, Needs Guidance, Curiosity"
69,"Leisure Pursuits, Simplified Living, Wisdom Sharing, Storytelling, Stability, Social Connection, Community Engagement, Reflectiveness, Patience, Health Management"
21,"Networking, Career Development, Problem Solving, Skill Acquisition, Health Consciousness, Multitasking, Relationship Building, Financial Planning, Stress Management, Home Ownership"
75,"Stability, Patience, Simplified Living, Health Management, Wisdom Sharing, Social Connection, Leisure Pursuits, Reflectiveness, Community Engagement, Storytelling"
49,"Community Involvement, Health Maintenance, Stability, Mentorship, Focus on Family, Legacy Building, Work-Life Balance, Adaptability, Long-term Planning, Professional Leadership"
8,"Imitation, Curiosity, Rapid Learning, Exploration, Emotional Sensitivity, Imaginative Play, Needs Guidance, High Energy, Attachment, Playfulness"
40,"Work-Life Balance, Health Maintenance, Adaptability, Mentorship, Focus on Family, Stability, Legacy Building, Long-term Planning, Professional Leadership, Community Involvement"
74,"Storytelling, Patience, Wisdom Sharing, Social Connection, Stability, Community Engagement, Simplified Living, Reflectiveness, Leisure Pursuits, Health Management"
35,"Multitasking, Career Development, Networking, Home Ownership, Stress Management, Skill Acquisition, Health Consciousness, Problem Solving, Relationship Building, Financial Planning"
23,"Stress Management, Multitasking, Financial Planning, Home Ownership, Networking, Skill Acquisition, Relationship Building, Problem Solving, Health Consciousness, Career Development"
65,"Stability, Leisure Pursuits, Community Engagement, Wisdom Sharing, Health Management, Simplified Living, Storytelling, Social Connection, Patience, Reflectiveness"
58,"Focus on Family, Adaptability, Professional Leadership, Mentorship, Legacy Building, Health Maintenance, Long-term Planning, Community Involvement, Stability, Work-Life Balance"
43,"Stability, Adaptability, Long-term Planning, Legacy Building, Focus on Family, Mentorship, Professional Leadership, Work-Life Balance, Health Maintenance, Community Involvement"
78,"Stability, Wisdom Sharing, Storytelling, Leisure Pursuits, Patience, Simplified Living, Health Management, Social Connection, Community Engagement, Reflectiveness"
23,"Relationship Building, Problem Solving, Skill Acquisition, Stress Management, Career Development, Networking, Home Ownership, Health Consciousness, Financial Planning, Multitasking"
43,"Health Maintenance, Community Involvement, Stability, Professional Leadership, Adaptability, Mentorship, Work-Life Balance, Long-term Planning, Legacy Building, Focus on Family"
71,"Social Connection, Community Engagement, Leisure Pursuits, Stability, Health Management, Wisdom Sharing, Simplified Living, Patience, Storytelling, Reflectiveness"
49,"Legacy Building, Mentorship, Stability, Long-term Planning, Focus on Family, Adaptability, Community Involvement, Health Maintenance, Work-Life Balance, Professional Leadership"
17,"Academic Focus, Peer Orientation, Identity Seeking, Risk Taking, Independence Seeking, Idealism, Social Media Engagement, Digital Native, Mood Fluctuations, Exploratory Interests"
62,"Long-term Planning, Work-Life Balance, Stability, Mentorship, Legacy Building, Health Maintenance, Adaptability, Community Involvement, Focus on Family, Professional Leadership"
24,"Home Ownership, Problem Solving, Financial Planning, Career Development, Health Consciousness, Networking, Stress Management, Relationship Building, Multitasking, Skill Acquisition"
76,"Community Engagement, Stability, Wisdom Sharing, Storytelling, Leisure Pursuits, Patience, Reflectiveness, Simplified Living, Social Connection, Health Management"
65,"Storytelling, Stability, Wisdom Sharing, Patience, Reflectiveness, Social Connection, Community Engagement, Health Management, Leisure Pursuits, Simplified Living"
43,"Work-Life Balance, Professional Leadership, Health Maintenance, Community Involvement, Long-term Planning, Focus on Family, Stability, Legacy Building, Mentorship, Adaptability"
5,"Attachment, Imitation, Imaginative Play, Exploration, Curiosity, Emotional Sensitivity, Playfulness, Rapid Learning, Needs Guidance, High Energy"
7,"Exploration, Needs Guidance, High Energy, Curiosity, Imaginative Play, Emotional Sensitivity, Imitation, Attachment, Playfulness, Rapid Learning"
81,"Storytelling, Reflectiveness, Leisure Pursuits, Social Connection, Stability, Health Management, Community Engagement, Simplified Living, Wisdom Sharing, Patience"
66,"Leisure Pursuits, Social Connection, Patience, Reflectiveness, Simplified Living, Storytelling, Wisdom Sharing, Health Management, Stability, Community Engagement"
67,"Patience, Leisure Pursuits, Wisdom Sharing, Health Management, Storytelling, Stability, Simplified Living, Community Engagement, Reflectiveness, Social Connection"
29,"Problem Solving, Health Consciousness, Stress Management, Home Ownership, Networking, Relationship Building, Skill Acquisition, Career Development, Financial Planning, Multitasking"
60,"Mentorship, Stability, Health Maintenance, Long-term Planning, Community Involvement, Legacy Building, Focus on Family, Work-Life Balance, Professional Leadership, Adaptability"
37,"Stress Management, Multitasking, Skill Acquisition, Problem Solving, Financial Planning, Health Consciousness, Career Development, Networking, Home Ownership, Relationship Building"
42,"Mentorship, Work-Life Balance, Legacy Building, Professional Leadership, Focus on Family, Stability, Long-term Planning, Community Involvement, Health Maintenance, Adaptability"
10,"Needs Guidance, Curiosity, High Energy, Attachment, Imaginative Play, Imitation, Rapid Learning, Exploration, Playfulness, Emotional Sensitivity"
62,"Work-Life Balance, Focus on Family, Health Maintenance, Community Involvement, Adaptability, Mentorship, Long-term Planning, Legacy Building, Professional Leadership, Stability"
48,"Community Involvement, Stability, Focus on Family, Health Maintenance, Adaptability, Professional Leadership, Long-term Planning, Work-Life Balance, Mentorship, Legacy Building"
49,"Mentorship, Adaptability, Stability, Professional Leadership, Community Involvement, Focus on Family, Long-term Planning, Legacy Building, Work-Life Balance, Health Maintenance"
36,"Networking, Health Consciousness, Career Development, Stress Management, Multitasking, Skill Acquisition, Problem Solving, Financial Planning, Home Ownership, Relationship Building"
49,"Long-term Planning, Mentorship, Work-Life Balance, Adaptability, Health Maintenance, Stability, Legacy Building, Focus on Family, Professional Leadership, Community Involvement"
65,"Social Connection, Health Management, Simplified Living, Reflectiveness, Leisure Pursuits, Stability, Community Engagement, Storytelling, Patience, Wisdom Sharing"
51,"Professional Leadership, Adaptability, Work-Life Balance, Health Maintenance, Long-term Planning, Stability, Mentorship, Community Involvement, Focus on Family, Legacy Building"
25,"Career Development, Health Consciousness, Skill Acquisition, Problem Solving, Stress Management, Financial Planning, Networking, Home Ownership, Relationship Building, Multitasking"
84,"Reflectiveness, Storytelling, Health Management, Stability, Simplified Living, Leisure Pursuits, Social Connection, Patience, Wisdom Sharing, Community Engagement"
89,"Reflectiveness, Wisdom Sharing, Storytelling, Patience, Simplified Living, Community Engagement, Social Connection, Leisure Pursuits, Health Management, Stability"
79,"Community Engagement, Wisdom Sharing, Social Connection, Health Management, Storytelling, Simplified Living, Reflectiveness, Leisure Pursuits, Stability, Patience"
40,"Work-Life Balance, Adaptability, Focus on Family, Community Involvement, Health Maintenance, Stability, Mentorship, Long-term Planning, Legacy Building, Professional Leadership"
23,"Career Development, Networking, Health Consciousness, Home Ownership, Relationship Building, Problem Solving, Stress Management, Skill Acquisition, Multitasking, Financial Planning"
24,"Stress Management, Career Development, Relationship Building, Multitasking, Networking, Financial Planning, Home Ownership, Skill Acquisition, Health Consciousness, Problem Solving"
61,"Stability, Work-Life Balance, Adaptability, Mentorship, Professional Leadership, Focus on Family, Community Involvement, Long-term Planning, Health Maintenance, Legacy Building"
22,"Problem Solving, Health Consciousness, Networking, Skill Acquisition, Multitasking, Relationship Building, Home Ownership, Stress Management, Career Development, Financial Planning"
51,"Focus on Family, Professional Leadership, Stability, Work-Life Balance, Mentorship, Health Maintenance, Legacy Building, Adaptability, Community Involvement, Long-term Planning"
53,"Health Maintenance, Work-Life Balance, Mentorship, Adaptability, Professional Leadership, Stability, Focus on Family, Long-term Planning, Community Involvement, Legacy Building"
18,"Social Media Engagement, Identity Seeking, Exploratory Interests, Peer Orientation, Digital Native, Academic Focus, Independence Seeking, Idealism, Risk Taking, Mood Fluctuations"
19,"Academic Focus, Mood Fluctuations, Independence Seeking, Social Media Engagement, Digital Native, Exploratory Interests, Identity Seeking, Idealism, Peer Orientation, Risk Taking"
35,"Stress Management, Career Development, Skill Acquisition, Networking, Health Consciousness, Multitasking, Relationship Building, Financial Planning, Problem Solving, Home Ownership"
5,"Imitation, Exploration, Attachment, Imaginative Play, High Energy, Playfulness, Emotional Sensitivity, Rapid Learning, Needs Guidance, Curiosity"
58,"Adaptability, Work-Life Balance, Focus on Family, Legacy Building, Mentorship, Stability, Community Involvement, Professional Leadership, Long-term Planning, Health Maintenance"
7,"Attachment, Rapid Learning, Needs Guidance, High Energy, Imaginative Play, Emotional Sensitivity, Exploration, Imitation, Playfulness, Curiosity"
20,"Stress Management, Problem Solving, Skill Acquisition, Multitasking, Home Ownership, Career Development, Health Consciousness, Networking, Financial Planning, Relationship Building"
61,"Long-term Planning, Work-Life Balance, Professional Leadership, Adaptability, Mentorship, Legacy Building, Community Involvement, Health Maintenance, Stability, Focus on Family"
79,"Health Management, Social Connection, Patience, Storytelling, Simplified Living, Reflectiveness, Community Engagement, Wisdom Sharing, Stability, Leisure Pursuits"
16,"Identity Seeking, Mood Fluctuations, Exploratory Interests, Peer Orientation, Social Media Engagement, Digital Native, Risk Taking, Idealism, Academic Focus, Independence Seeking"
78,"Stability, Health Management, Community Engagement, Reflectiveness, Simplified Living, Storytelling, Leisure Pursuits, Wisdom Sharing, Social Connection, Patience"
20,"Stress Management, Career Development, Health Consciousness, Relationship Building, Financial Planning, Skill Acquisition, Networking, Problem Solving, Home Ownership, Multitasking"
76,"Storytelling, Health Management, Wisdom Sharing, Simplified Living, Leisure Pursuits, Patience, Reflectiveness, Community Engagement, Social Connection, Stability"
80,"Reflectiveness, Patience, Leisure Pursuits, Wisdom Sharing, Social Connection, Simplified Living, Health Management, Storytelling, Stability, Community Engagement"
28,"Skill Acquisition, Multitasking, Home Ownership, Career Development, Problem Solving, Relationship Building, Stress Management, Health Consciousness, Financial Planning, Networking"
32,"Health Consciousness, Relationship Building, Problem Solving, Skill Acquisition, Multitasking, Career Development, Financial Planning, Networking, Home Ownership, Stress Management"
12,"Needs Guidance, Imitation, Curiosity, Exploration, Imaginative Play, Emotional Sensitivity, Rapid Learning, Playfulness, High Energy, Attachment"
40,"Community Involvement, Work-Life Balance, Legacy Building, Professional Leadership, Adaptability, Long-term Planning, Health Maintenance, Mentorship, Focus on Family, Stability"
12,"Playfulness, Imitation, Rapid Learning, Exploration, Emotional Sensitivity, Attachment, Curiosity, Imaginative Play, High Energy, Needs Guidance"
62,"Community Involvement, Work-Life Balance, Professional Leadership, Adaptability, Long-term Planning, Stability, Health Maintenance, Focus on Family, Legacy Building, Mentorship"
64,"Focus on Family, Stability, Health Maintenance, Professional Leadership, Mentorship, Work-Life Balance, Long-term Planning, Community Involvement, Adaptability, Legacy Building"
54,"Long-term Planning, Community Involvement, Legacy Building, Work-Life Balance, Professional Leadership, Adaptability, Health Maintenance, Mentorship, Stability, Focus on Family"
32,"Stress Management, Problem Solving, Financial Planning, Skill Acquisition, Relationship Building, Networking, Health Consciousness, Home Ownership, Multitasking, Career Development"
45,"Mentorship, Work-Life Balance, Legacy Building, Health Maintenance, Long-term Planning, Adaptability, Community Involvement, Professional Leadership, Focus on Family, Stability"
68,"Leisure Pursuits, Stability, Health Management, Storytelling, Patience, Reflectiveness, Simplified Living, Wisdom Sharing, Social Connection, Community Engagement"
31,"Networking, Skill Acquisition, Health Consciousness, Multitasking, Problem Solving, Financial Planning, Relationship Building, Stress Management, Home Ownership, Career Development"
67,"Wisdom Sharing, Simplified Living, Patience, Reflectiveness, Health Management, Storytelling, Stability, Social Connection, Leisure Pursuits, Community Engagement"
21,"Skill Acquisition, Multitasking, Stress Management, Health Consciousness, Networking, Problem Solving, Home Ownership, Career Development, Relationship Building, Financial Planning"
77,"Community Engagement, Patience, Wisdom Sharing, Stability, Storytelling, Social Connection, Health Management, Leisure Pursuits, Simplified Living, Reflectiveness"
37,"Networking, Stress Management, Problem Solving, Relationship Building, Home Ownership, Multitasking, Health Consciousness, Financial Planning, Skill Acquisition, Career Development"
88,"Reflectiveness, Simplified Living, Health Management, Wisdom Sharing, Storytelling, Social Connection, Community Engagement, Leisure Pursuits, Stability, Patience"
81,"Health Management, Wisdom Sharing, Stability, Storytelling, Community Engagement, Reflectiveness, Social Connection, Simplified Living, Patience, Leisure Pursuits"
33,"Networking, Problem Solving, Multitasking, Health Consciousness, Financial Planning, Skill Acquisition, Stress Management, Relationship Building, Home Ownership, Career Development"
17,"Mood Fluctuations, Digital Native, Exploratory Interests, Academic Focus, Peer Orientation, Idealism, Risk Taking, Independence Seeking, Identity Seeking, Social Media Engagement"
50,"Focus on Family, Stability, Professional Leadership, Legacy Building, Work-Life Balance, Long-term Planning, Health Maintenance, Adaptability, Mentorship, Community Involvement"
39,"Career Development, Skill Acquisition, Problem Solving, Health Consciousness, Multitasking, Home Ownership, Relationship Building, Networking, Financial Planning, Stress Management"
10,"Rapid Learning, Imitation, Needs Guidance, Emotional Sensitivity, Attachment, Exploration, Playfulness, Imaginative Play, High Energy, Curiosity"
86,"Patience, Community Engagement, Storytelling, Simplified Living, Leisure Pursuits, Stability, Health Management, Reflectiveness, Wisdom Sharing, Social Connection"
73,"Social Connection, Health Management, Reflectiveness, Storytelling, Community Engagement, Simplified Living, Stability, Wisdom Sharing, Patience, Leisure Pursuits"
51,"Health Maintenance, Community Involvement, Long-term Planning, Adaptability, Focus on Family, Legacy Building, Work-Life Balance, Stability, Professional Leadership, Mentorship"
29,"Multitasking, Career Development, Health Consciousness, Financial Planning, Relationship Building, Problem Solving, Networking, Skill Acquisition, Home Ownership, Stress Management"
70,"Stability, Reflectiveness, Patience, Leisure Pursuits, Social Connection, Community Engagement, Health Management, Wisdom Sharing, Simplified Living, Storytelling"
14,"Idealism, Social Media Engagement, Peer Orientation, Mood Fluctuations, Identity Seeking, Independence Seeking, Academic Focus, Exploratory Interests, Digital Native, Risk Taking"
60,"Long-term Planning, Focus on Family, Adaptability, Community Involvement, Professional Leadership, Health Maintenance, Stability, Mentorship, Legacy Building, Work-Life Balance"
34,"Problem Solving, Networking, Financial Planning, Health Consciousness, Multitasking, Home Ownership, Skill Acquisition, Relationship Building, Stress Management, Career Development"
9,"High Energy, Attachment, Emotional Sensitivity, Playfulness, Curiosity, Imaginative Play, Exploration, Imitation, Needs Guidance, Rapid Learning"
37,"Home Ownership, Relationship Building, Problem Solving, Skill Acquisition, Stress Management, Health Consciousness, Networking, Financial Planning, Career Development, Multitasking"
69,"Health Management, Community Engagement, Stability, Simplified Living, Leisure Pursuits, Social Connection, Storytelling, Reflectiveness, Patience, Wisdom Sharing"
22,"Stress Management, Financial Planning, Home Ownership, Health Consciousness, Relationship Building, Career Development, Multitasking, Skill Acquisition, Networking, Problem Solving"
53,"Adaptability, Stability, Community Involvement, Long-term Planning, Legacy Building, Health Maintenance, Professional Leadership, Mentorship, Work-Life Balance, Focus on Family"
15,"Social Media Engagement, Peer Orientation, Academic Focus, Mood Fluctuations, Risk Taking, Idealism, Digital Native, Identity Seeking, Independence Seeking, Exploratory Interests"
89,"Wisdom Sharing, Storytelling, Health Management, Community Engagement, Reflectiveness, Patience, Leisure Pursuits, Stability, Simplified Living, Social Connection"
30,"Networking, Stress Management, Problem Solving, Multitasking, Relationship Building, Skill Acquisition, Home Ownership, Health Consciousness, Financial Planning, Career Development"
67,"Social Connection, Leisure Pursuits, Storytelling, Stability, Community Engagement, Health Management, Patience, Simplified Living, Wisdom Sharing, Reflectiveness"
63,"Mentorship, Adaptability, Health Maintenance, Long-term Planning, Focus on Family, Stability, Work-Life Balance, Community Involvement, Professional Leadership, Legacy Building"
31,"Home Ownership, Stress Management, Networking, Problem Solving, Health Consciousness, Multitasking, Relationship Building, Skill Acquisition, Financial Planning, Career Development"
53,"Adaptability, Focus on Family, Work-Life Balance, Professional Leadership, Mentorship, Legacy Building, Long-term Planning, Health Maintenance, Community Involvement, Stability"
81,"Reflectiveness, Social Connection, Health Management, Leisure Pursuits, Community Engagement, Simplified Living, Stability, Storytelling, Patience, Wisdom Sharing"
37,"Skill Acquisition, Career Development, Home Ownership, Stress Management, Health Consciousness, Multitasking, Financial Planning, Networking, Problem Solving, Relationship Building"
5,"Needs Guidance, High Energy, Imitation, Rapid Learning, Imaginative Play, Emotional Sensitivity, Curiosity, Exploration, Playfulness, Attachment"
25,"Problem Solving, Relationship Building, Skill Acquisition, Health Consciousness, Financial Planning, Career Development, Multitasking, Stress Management, Home Ownership, Networking"
59,"Long-term Planning, Work-Life Balance, Community Involvement, Adaptability, Focus on Family, Health Maintenance, Professional Leadership, Mentorship, Legacy Building, Stability"
10,"Needs Guidance, Playfulness, Attachment, Imitation, Emotional Sensitivity, Imaginative Play, Rapid Learning, Exploration, Curiosity, High Energy"
85,"Patience, Social Connection, Reflectiveness, Community Engagement, Simplified Living, Storytelling, Leisure Pursuits, Wisdom Sharing, Health Management, Stability"
73,"Stability, Health Management, Patience, Simplified Living, Reflectiveness, Social Connection, Storytelling, Community Engagement, Leisure Pursuits, Wisdom Sharing"
9,"Playfulness, Attachment, Curiosity, Imaginative Play, Rapid Learning, High Energy, Imitation, Emotional Sensitivity, Needs Guidance, Exploration"
7,"Imaginative Play, Attachment, Exploration, Emotional Sensitivity, Playfulness, Needs Guidance, Rapid Learning, Imitation, High Energy, Curiosity"
57,"Mentorship, Professional Leadership, Focus on Family, Work-Life Balance, Adaptability, Long-term Planning, Legacy Building, Health Maintenance, Stability, Community Involvement"
27,"Career Development, Financial Planning, Skill Acquisition, Relationship Building, Health Consciousness, Multitasking, Stress Management, Problem Solving, Networking, Home Ownership"
57,"Health Maintenance, Professional Leadership, Focus on Family, Stability, Work-Life Balance, Community Involvement, Legacy Building, Long-term Planning, Adaptability, Mentorship"
41,"Focus on Family, Adaptability, Long-term Planning, Work-Life Balance, Community Involvement, Stability, Mentorship, Professional Leadership, Health Maintenance, Legacy Building"
78,"Health Management, Reflectiveness, Simplified Living, Storytelling, Wisdom Sharing, Patience, Leisure Pursuits, Stability, Community Engagement, Social Connection"
78,"Storytelling, Community Engagement, Simplified Living, Wisdom Sharing, Patience, Stability, Social Connection, Reflectiveness, Leisure Pursuits, Health Management"
87,"Community Engagement, Stability, Simplified Living, Leisure Pursuits, Reflectiveness, Social Connection, Patience, Wisdom Sharing, Storytelling, Health Management"
21,"Multitasking, Skill Acquisition, Career Development, Home Ownership, Networking, Relationship Building, Problem Solving, Financial Planning, Health Consciousness, Stress Management"
89,"Wisdom Sharing, Simplified Living, Storytelling, Community Engagement, Reflectiveness, Leisure Pursuits, Social Connection, Patience, Stability, Health Management"
82,"Stability, Wisdom Sharing, Community Engagement, Health Management, Patience, Storytelling, Social Connection, Reflectiveness, Leisure Pursuits, Simplified Living"
77,"Reflectiveness, Wisdom Sharing, Community Engagement, Patience, Leisure Pursuits, Health Management, Social Connection, Simplified Living, Storytelling, Stability"
5,"Needs Guidance, Playfulness, Imaginative Play, Emotional Sensitivity, Rapid Learning, High Energy, Attachment, Exploration, Imitation, Curiosity"
55,"Long-term Planning, Mentorship, Adaptability, Legacy Building, Work-Life Balance, Community Involvement, Focus on Family, Professional Leadership, Stability, Health Maintenance"
49,"Stability, Focus on Family, Work-Life Balance, Mentorship, Health Maintenance, Adaptability, Professional Leadership, Community Involvement, Legacy Building, Long-term Planning"
81,"Health Management, Reflectiveness, Storytelling, Simplified Living, Stability, Leisure Pursuits, Patience, Wisdom Sharing, Community Engagement, Social Connection"
8,"Rapid Learning, Playfulness, Curiosity, Imitation, High Energy, Attachment, Emotional Sensitivity, Needs Guidance, Imaginative Play, Exploration"
66,"Leisure Pursuits, Stability, Community Engagement, Storytelling, Wisdom Sharing, Social Connection, Patience, Simplified Living, Health Management, Reflectiveness"
69,"Social Connection, Health Management, Community Engagement, Wisdom Sharing, Stability, Patience, Storytelling, Reflectiveness, Simplified Living, Leisure Pursuits"
36,"Networking, Financial Planning, Relationship Building, Problem Solving, Home Ownership, Skill Acquisition, Career Development, Stress Management, Health Consciousness, Multitasking"
38,"Stress Management, Financial Planning, Skill Acquisition, Networking, Health Consciousness, Home Ownership, Multitasking, Problem Solving, Career Development, Relationship Building"
76,"Wisdom Sharing, Reflectiveness, Health Management, Community Engagement, Patience, Storytelling, Social Connection, Leisure Pursuits, Simplified Living, Stability"
43,"Adaptability, Professional Leadership, Long-term Planning, Mentorship, Focus on Family, Health Maintenance, Work-Life Balance, Legacy Building, Community Involvement, Stability"
30,"Home Ownership, Problem Solving, Career Development, Multitasking, Stress Management, Health Consciousness, Skill Acquisition, Relationship Building, Financial Planning, Networking"
38,"Financial Planning, Multitasking, Relationship Building, Health Consciousness, Skill Acquisition, Home Ownership, Networking, Problem Solving, Stress Management, Career Development"
58,"Health Maintenance, Work-Life Balance, Community Involvement, Stability, Adaptability, Professional Leadership, Long-term Planning, Focus on Family, Mentorship, Legacy Building"
7,"High Energy, Exploration, Emotional Sensitivity, Curiosity, Imitation, Playfulness, Needs Guidance, Rapid Learning, Attachment, Imaginative Play"
54,"Health Maintenance, Community Involvement, Focus on Family, Mentorship, Professional Leadership, Adaptability, Stability, Legacy Building, Long-term Planning, Work-Life Balance"
16,"Peer Orientation, Identity Seeking, Exploratory Interests, Independence Seeking, Risk Taking, Social Media Engagement, Academic Focus, Digital Native, Mood Fluctuations, Idealism"
69,"Simplified Living, Stability, Community Engagement, Patience, Reflectiveness, Wisdom Sharing, Leisure Pursuits, Social Connection, Storytelling, Health Management"
58,"Health Maintenance, Long-term Planning, Adaptability, Mentorship, Legacy Building, Professional Leadership, Focus on Family, Stability, Community Involvement, Work-Life Balance"
9,"High Energy, Exploration, Emotional Sensitivity, Attachment, Needs Guidance, Imaginative Play, Playfulness, Curiosity, Rapid Learning, Imitation"
61,"Health Maintenance, Work-Life Balance, Professional Leadership, Long-term Planning, Legacy Building, Community Involvement, Focus on Family, Adaptability, Mentorship, Stability"
21,"Skill Acquisition, Stress Management, Relationship Building, Home Ownership, Financial Planning, Multitasking, Networking, Problem Solving, Career Development, Health Consciousness"
51,"Work-Life Balance, Stability, Professional Leadership, Mentorship, Focus on Family, Health Maintenance, Community Involvement, Adaptability, Legacy Building, Long-term Planning"
27,"Home Ownership, Networking, Career Development, Relationship Building, Skill Acquisition, Problem Solving, Financial Planning, Stress Management, Multitasking, Health Consciousness"
83,"Leisure Pursuits, Health Management, Storytelling, Social Connection, Wisdom Sharing, Stability, Reflectiveness, Patience, Community Engagement, Simplified Living"
89,"Stability, Patience, Wisdom Sharing, Reflectiveness, Leisure Pursuits, Storytelling, Simplified Living, Health Management, Social Connection, Community Engagement"
18,"Digital Native, Academic Focus, Mood Fluctuations, Identity Seeking, Exploratory Interests, Independence Seeking, Peer Orientation, Social Media Engagement, Risk Taking, Idealism"
70,"Storytelling, Wisdom Sharing, Health Management, Leisure Pursuits, Simplified Living, Social Connection, Reflectiveness, Community Engagement, Patience, Stability"
79,"Leisure Pursuits, Stability, Reflectiveness, Simplified Living, Social Connection, Storytelling, Patience, Wisdom Sharing, Community Engagement, Health Management"
55,"Work-Life Balance, Focus on Family, Legacy Building, Long-term Planning, Professional Leadership, Community Involvement, Health Maintenance, Adaptability, Mentorship, Stability"
42,"Professional Leadership, Long-term Planning, Stability, Focus on Family, Community Involvement, Health Maintenance, Legacy Building, Adaptability, Mentorship, Work-Life Balance"
68,"Storytelling, Wisdom Sharing, Social Connection, Reflectiveness, Stability, Patience, Leisure Pursuits, Community Engagement, Simplified Living, Health Management"
42,"Focus on Family, Work-Life Balance, Professional Leadership, Mentorship, Community Involvement, Health Maintenance, Adaptability, Legacy Building, Long-term Planning, Stability"
54,"Work-Life Balance, Long-term Planning, Focus on Family, Community Involvement, Health Maintenance, Professional Leadership, Stability, Adaptability, Mentorship, Legacy Building"
86,"Health Management, Reflectiveness, Simplified Living, Patience, Community Engagement, Stability, Storytelling, Social Connection, Wisdom Sharing, Leisure Pursuits"
34,"Career Development, Financial Planning, Multitasking, Home Ownership, Health Consciousness, Relationship Building, Stress Management, Networking, Skill Acquisition, Problem Solving"
83,"Community Engagement, Reflectiveness, Simplified Living, Patience, Health Management, Storytelling, Wisdom Sharing, Stability, Social Connection, Leisure Pursuits"
55,"Long-term Planning, Adaptability, Community Involvement, Health Maintenance, Stability, Legacy Building, Mentorship, Focus on Family, Professional Leadership, Work-Life Balance"
67,"Social Connection, Health Management, Patience, Reflectiveness, Wisdom Sharing, Stability, Simplified Living, Community Engagement, Storytelling, Leisure Pursuits"
56,"Stability, Mentorship, Long-term Planning, Health Maintenance, Work-Life Balance, Professional Leadership, Adaptability, Community Involvement, Legacy Building, Focus on Family"
42,"Work-Life Balance, Health Maintenance, Adaptability, Stability, Professional Leadership, Community Involvement, Focus on Family, Mentorship, Legacy Building, Long-term Planning"
83,"Stability, Reflectiveness, Patience, Leisure Pursuits, Health Management, Community Engagement, Social Connection, Storytelling, Wisdom Sharing, Simplified Living"
34,"Stress Management, Health Consciousness, Home Ownership, Multitasking, Networking, Career Development, Relationship Building, Skill Acquisition, Problem Solving, Financial Planning"
55,"Mentorship, Professional Leadership, Focus on Family, Community Involvement, Legacy Building, Health Maintenance, Work-Life Balance, Long-term Planning, Stability, Adaptability"
85,"Health Management, Reflectiveness, Leisure Pursuits, Patience, Storytelling, Wisdom Sharing, Community Engagement, Social Connection, Stability, Simplified Living"
9,"Imaginative Play, Emotional Sensitivity, Curiosity, Imitation, Rapid Learning, High Energy, Exploration, Playfulness, Attachment, Needs Guidance"
33,"Skill Acquisition, Networking, Problem Solving, Home Ownership, Health Consciousness, Stress Management, Financial Planning, Multitasking, Career Development, Relationship Building"
8,"Needs Guidance, Imaginative Play, Rapid Learning, Exploration, Playfulness, Attachment, High Energy, Emotional Sensitivity, Curiosity, Imitation"
14,"Social Media Engagement, Academic Focus, Identity Seeking, Digital Native, Peer Orientation, Independence Seeking, Exploratory Interests, Idealism, Risk Taking, Mood Fluctuations"
60,"Long-term Planning, Health Maintenance, Focus on Family, Stability, Adaptability, Professional Leadership, Work-Life Balance, Legacy Building, Mentorship, Community Involvement"
21,"Problem Solving, Relationship Building, Multitasking, Financial Planning, Skill Acquisition, Networking, Health Consciousness, Stress Management, Home Ownership, Career Development"
78,"Health Management, Community Engagement, Simplified Living, Patience, Social Connection, Leisure Pursuits, Reflectiveness, Storytelling, Stability, Wisdom Sharing"
21,"Home Ownership, Health Consciousness, Networking, Stress Management, Skill Acquisition, Financial Planning, Career Development, Relationship Building, Multitasking, Problem Solving"
88,"Community Engagement, Wisdom Sharing, Reflectiveness, Stability, Health Management, Storytelling, Social Connection, Leisure Pursuits, Patience, Simplified Living"
73,"Social Connection, Stability, Wisdom Sharing, Simplified Living, Community Engagement, Leisure Pursuits, Reflectiveness, Storytelling, Patience, Health Management"
38,"Problem Solving, Home Ownership, Career Development, Networking, Financial Planning, Relationship Building, Health Consciousness, Stress Management, Multitasking, Skill Acquisition"
10,"Imaginative Play, High Energy, Attachment, Curiosity, Needs Guidance, Rapid Learning, Playfulness, Emotional Sensitivity, Imitation, Exploration"
57,"Stability, Focus on Family, Mentorship, Health Maintenance, Adaptability, Long-term Planning, Work-Life Balance, Community Involvement, Legacy Building, Professional Leadership"
70,"Storytelling, Community Engagement, Reflectiveness, Health Management, Social Connection, Leisure Pursuits, Stability, Patience, Wisdom Sharing, Simplified Living"
81,"Social Connection, Health Management, Wisdom Sharing, Community Engagement, Patience, Reflectiveness, Stability, Storytelling, Leisure Pursuits, Simplified Living"
47,"Community Involvement, Mentorship, Focus on Family, Legacy Building, Adaptability, Professional Leadership, Long-term Planning, Health Maintenance, Stability, Work-Life Balance"
79,"Community Engagement, Reflectiveness, Social Connection, Stability, Storytelling, Wisdom Sharing, Leisure Pursuits, Health Management, Patience, Simplified Living"
27,"Multitasking, Relationship Building, Home Ownership, Skill Acquisition, Stress Management, Networking, Financial Planning, Problem Solving, Career Development, Health Consciousness"
59,"Legacy Building, Stability, Adaptability, Professional Leadership, Mentorship, Community Involvement, Health Maintenance, Work-Life Balance, Focus on Family, Long-term Planning"
84,"Leisure Pursuits, Health Management, Wisdom Sharing, Community Engagement, Social Connection, Reflectiveness, Simplified Living, Storytelling, Stability, Patience"
79,"Patience, Reflectiveness, Wisdom Sharing, Leisure Pursuits, Community Engagement, Storytelling, Stability, Social Connection, Health Management, Simplified Living"
20,"Financial Planning, Health Consciousness, Career Development, Home Ownership, Problem Solving, Stress Management, Skill Acquisition, Networking, Relationship Building, Multitasking"
12,"Exploration, Emotional Sensitivity, Imitation, Imaginative Play, High Energy, Curiosity, Attachment, Playfulness, Needs Guidance, Rapid Learning"
8,"Playfulness, Imitation, Needs Guidance, Curiosity, Attachment, Imaginative Play, Rapid Learning, High Energy, Emotional Sensitivity, Exploration"
8,"Playfulness, Needs Guidance, Curiosity, High Energy, Emotional Sensitivity, Rapid Learning, Imitation, Exploration, Attachment, Imaginative Play"
60,"Legacy Building, Professional Leadership, Community Involvement, Stability, Mentorship, Focus on Family, Long-term Planning, Health Maintenance, Work-Life Balance, Adaptability"
29,"Home Ownership, Financial Planning, Skill Acquisition, Networking, Health Consciousness, Relationship Building, Problem Solving, Multitasking, Stress Management, Career Development"
71,"Wisdom Sharing, Community Engagement, Health Management, Leisure Pursuits, Simplified Living, Patience, Social Connection, Stability, Storytelling, Reflectiveness"
71,"Community Engagement, Simplified Living, Social Connection, Patience, Health Management, Storytelling, Reflectiveness, Wisdom Sharing, Leisure Pursuits, Stability"
31,"Problem Solving, Stress Management, Home Ownership, Skill Acquisition, Networking, Relationship Building, Multitasking, Health Consciousness, Career Development, Financial Planning"
36,"Stress Management, Skill Acquisition, Health Consciousness, Problem Solving, Networking, Home Ownership, Financial Planning, Career Development, Multitasking, Relationship Building"
54,"Adaptability, Mentorship, Legacy Building, Professional Leadership, Work-Life Balance, Community Involvement, Stability, Focus on Family, Health Maintenance, Long-term Planning"
65,"Leisure Pursuits, Reflectiveness, Wisdom Sharing, Patience, Community Engagement, Stability, Social Connection, Storytelling, Simplified Living, Health Management"
55,"Health Maintenance, Focus on Family, Work-Life Balance, Adaptability, Long-term Planning, Professional Leadership, Legacy Building, Stability, Community Involvement, Mentorship"
23,"Skill Acquisition, Networking, Health Consciousness, Problem Solving, Relationship Building, Career Development, Multitasking, Stress Management, Financial Planning, Home Ownership"
25,"Multitasking, Career Development, Relationship Building, Home Ownership, Health Consciousness, Skill Acquisition, Problem Solving, Networking, Stress Management, Financial Planning"
9,"Imitation, Imaginative Play, Curiosity, Emotional Sensitivity, Needs Guidance, High Energy, Rapid Learning, Exploration, Attachment, Playfulness"
86,"Social Connection, Simplified Living, Reflectiveness, Patience, Wisdom Sharing, Stability, Health Management, Storytelling, Community Engagement, Leisure Pursuits"
46,"Stability, Community Involvement, Work-Life Balance, Legacy Building, Professional Leadership, Long-term Planning, Focus on Family, Mentorship, Health Maintenance, Adaptability"
65,"Social Connection, Stability, Simplified Living, Reflectiveness, Patience, Health Management, Community Engagement, Storytelling, Wisdom Sharing, Leisure Pursuits"
26,"Career Development, Stress Management, Problem Solving, Networking, Financial Planning, Skill Acquisition, Home Ownership, Health Consciousness, Relationship Building, Multitasking"
25,"Career Development, Multitasking, Financial Planning, Skill Acquisition, Problem Solving, Health Consciousness, Home Ownership, Relationship Building, Stress Management, Networking"
74,"Leisure Pursuits, Wisdom Sharing, Simplified Living, Community Engagement, Social Connection, Health Management, Storytelling, Reflectiveness, Stability, Patience"
5,"Curiosity, Exploration, Playfulness, Rapid Learning, Attachment, Imitation, High Energy, Needs Guidance, Imaginative Play, Emotional Sensitivity"
9,"Attachment, Imaginative Play, Curiosity, Imitation, High Energy, Exploration, Emotional Sensitivity, Rapid Learning, Playfulness, Needs Guidance"
16,"Independence Seeking, Social Media Engagement, Identity Seeking, Idealism, Risk Taking, Academic Focus, Mood Fluctuations, Digital Native, Exploratory Interests, Peer Orientation"
50,"Legacy Building, Work-Life Balance, Adaptability, Health Maintenance, Community Involvement, Mentorship, Long-term Planning, Professional Leadership, Stability, Focus on Family"
38,"Relationship Building, Problem Solving, Skill Acquisition, Financial Planning, Stress Management, Home Ownership, Multitasking, Health Consciousness, Career Development, Networking"
53,"Stability, Health Maintenance, Community Involvement, Adaptability, Long-term Planning, Legacy Building, Mentorship, Focus on Family, Work-Life Balance, Professional Leadership"
82,"Reflectiveness, Health Management, Patience, Simplified Living, Storytelling, Stability, Social Connection, Wisdom Sharing, Leisure Pursuits, Community Engagement"
49,"Adaptability, Legacy Building, Long-term Planning, Community Involvement, Work-Life Balance, Stability, Health Maintenance, Mentorship, Focus on Family, Professional Leadership"
31,"Networking, Career Development, Skill Acquisition, Health Consciousness, Financial Planning, Multitasking, Relationship Building, Home Ownership, Problem Solving, Stress Management"
77,"Patience, Leisure Pursuits, Reflectiveness, Community Engagement, Health Management, Stability, Simplified Living, Storytelling, Wisdom Sharing, Social Connection"
30,"Health Consciousness, Career Development, Multitasking, Skill Acquisition, Financial Planning, Networking, Stress Management, Problem Solving, Relationship Building, Home Ownership"
51,"Focus on Family, Legacy Building, Community Involvement, Professional Leadership, Work-Life Balance, Long-term Planning, Adaptability, Mentorship, Stability, Health Maintenance"
60,"Long-term Planning, Work-Life Balance, Health Maintenance, Adaptability, Stability, Professional Leadership, Mentorship, Focus on Family, Legacy Building, Community Involvement"
67,"Wisdom Sharing, Storytelling, Leisure Pursuits, Health Management, Reflectiveness, Social Connection, Stability, Simplified Living, Community Engagement, Patience"
52,"Long-term Planning, Community Involvement, Mentorship, Health Maintenance, Adaptability, Stability, Work-Life Balance, Legacy Building, Professional Leadership, Focus on Family"
65,"Social Connection, Health Management, Patience, Reflectiveness, Stability, Wisdom Sharing, Simplified Living, Storytelling, Community Engagement, Leisure Pursuits"
85,"Social Connection, Health Management, Patience, Community Engagement, Wisdom Sharing, Leisure Pursuits, Simplified Living, Stability, Storytelling, Reflectiveness"
30,"Multitasking, Health Consciousness, Problem Solving, Career Development, Relationship Building, Financial Planning, Skill Acquisition, Stress Management, Networking, Home Ownership"
40,"Health Maintenance, Long-term Planning, Adaptability, Legacy Building, Focus on Family, Mentorship, Community Involvement, Work-Life Balance, Stability, Professional Leadership"
5,"High Energy, Imaginative Play, Attachment, Rapid Learning, Curiosity, Needs Guidance, Playfulness, Emotional Sensitivity, Exploration, Imitation"
12,"Imaginative Play, Attachment, Exploration, High Energy, Playfulness, Emotional Sensitivity, Imitation, Rapid Learning, Needs Guidance, Curiosity"
56,"Legacy Building, Health Maintenance, Professional Leadership, Adaptability, Focus on Family, Stability, Long-term Planning, Work-Life Balance, Community Involvement, Mentorship"
83,"Social Connection, Patience, Leisure Pursuits, Stability, Storytelling, Health Management, Simplified Living, Community Engagement, Reflectiveness, Wisdom Sharing"
51,"Work-Life Balance, Stability, Mentorship, Adaptability, Legacy Building, Professional Leadership, Community Involvement, Long-term Planning, Health Maintenance, Focus on Family"
60,"Stability, Long-term Planning, Health Maintenance, Professional Leadership, Mentorship, Work-Life Balance, Focus on Family, Legacy Building, Community Involvement, Adaptability"
18,"Digital Native, Peer Orientation, Social Media Engagement, Academic Focus, Identity Seeking, Risk Taking, Independence Seeking, Mood Fluctuations, Idealism, Exploratory Interests"
32,"Networking, Health Consciousness, Multitasking, Stress Management, Financial Planning, Home Ownership, Skill Acquisition, Problem Solving, Career Development, Relationship Building"
82,"Reflectiveness, Health Management, Social Connection, Simplified Living, Stability, Wisdom Sharing, Community Engagement, Storytelling, Leisure Pursuits, Patience"
6,"High Energy, Exploration, Imaginative Play, Curiosity, Playfulness, Attachment, Imitation, Emotional Sensitivity, Needs Guidance, Rapid Learning"
30,"Networking, Health Consciousness, Financial Planning, Career Development, Multitasking, Relationship Building, Home Ownership, Problem Solving, Stress Management, Skill Acquisition"
18,"Risk Taking, Independence Seeking, Exploratory Interests, Social Media Engagement, Idealism, Academic Focus, Peer Orientation, Mood Fluctuations, Digital Native, Identity Seeking"
63,"Health Maintenance, Focus on Family, Stability, Legacy Building, Mentorship, Adaptability, Community Involvement, Work-Life Balance, Long-term Planning, Professional Leadership"
60,"Mentorship, Stability, Professional Leadership, Long-term Planning, Focus on Family, Work-Life Balance, Legacy Building, Adaptability, Health Maintenance, Community Involvement"
11,"Emotional Sensitivity, High Energy, Needs Guidance, Imitation, Exploration, Attachment, Rapid Learning, Playfulness, Imaginative Play, Curiosity"
7,"Curiosity, Needs Guidance, Rapid Learning, Imitation, Playfulness, Exploration, Imaginative Play, High Energy, Emotional Sensitivity, Attachment"
27,"Stress Management, Health Consciousness, Networking, Skill Acquisition, Career Development, Problem Solving, Relationship Building, Financial Planning, Home Ownership, Multitasking"
22,"Health Consciousness, Multitasking, Financial Planning, Relationship Building, Networking, Problem Solving, Stress Management, Career Development, Skill Acquisition, Home Ownership"
42,"Mentorship, Professional Leadership, Work-Life Balance, Focus on Family, Health Maintenance, Long-term Planning, Adaptability, Community Involvement, Legacy Building, Stability"
19,"Digital Native, Exploratory Interests, Idealism, Peer Orientation, Mood Fluctuations, Independence Seeking, Social Media Engagement, Academic Focus, Risk Taking, Identity Seeking"
68,"Community Engagement, Storytelling, Reflectiveness, Patience, Simplified Living, Wisdom Sharing, Social Connection, Stability, Leisure Pursuits, Health Management"
32,"Problem Solving, Stress Management, Networking, Multitasking, Relationship Building, Career Development, Home Ownership, Skill Acquisition, Health Consciousness, Financial Planning"
78,"Storytelling, Reflectiveness, Wisdom Sharing, Stability, Health Management, Simplified Living, Patience, Leisure Pursuits, Social Connection, Community Engagement"
43,"Community Involvement, Focus on Family, Work-Life Balance, Professional Leadership, Adaptability, Legacy Building, Stability, Long-term Planning, Mentorship, Health Maintenance"
61,"Community Involvement, Mentorship, Legacy Building, Adaptability, Health Maintenance, Focus on Family, Stability, Work-Life Balance, Professional Leadership, Long-term Planning"
21,"Health Consciousness, Skill Acquisition, Relationship Building, Career Development, Home Ownership, Networking, Problem Solving, Multitasking, Financial Planning, Stress Management"
48,"Legacy Building, Adaptability, Long-term Planning, Focus on Family, Stability, Work-Life Balance, Mentorship, Professional Leadership, Health Maintenance, Community Involvement"
29,"Financial Planning, Multitasking, Networking, Career Development, Relationship Building, Skill Acquisition, Home Ownership, Health Consciousness, Problem Solving, Stress Management"
21,"Networking, Stress Management, Skill Acquisition, Career Development, Health Consciousness, Multitasking, Home Ownership, Problem Solving, Financial Planning, Relationship Building"
17,"Risk Taking, Mood Fluctuations, Exploratory Interests, Independence Seeking, Identity Seeking, Academic Focus, Digital Native, Peer Orientation, Idealism, Social Media Engagement"
88,"Community Engagement, Reflectiveness, Simplified Living, Patience, Storytelling, Stability, Health Management, Leisure Pursuits, Social Connection, Wisdom Sharing"
29,"Stress Management, Relationship Building, Networking, Skill Acquisition, Home Ownership, Health Consciousness, Problem Solving, Career Development, Multitasking, Financial Planning"
72,"Community Engagement, Leisure Pursuits, Stability, Reflectiveness, Simplified Living, Storytelling, Wisdom Sharing, Patience, Social Connection, Health Management"
14,"Digital Native, Idealism, Exploratory Interests, Identity Seeking, Peer Orientation, Risk Taking, Independence Seeking, Mood Fluctuations, Academic Focus, Social Media Engagement"
71,"Wisdom Sharing, Reflectiveness, Storytelling, Stability, Leisure Pursuits, Community Engagement, Social Connection, Health Management, Simplified Living, Patience"
22,"Health Consciousness, Skill Acquisition, Stress Management, Relationship Building, Problem Solving, Career Development, Networking, Multitasking, Financial Planning, Home Ownership"
38,"Financial Planning, Skill Acquisition, Health Consciousness, Career Development, Relationship Building, Networking, Problem Solving, Multitasking, Home Ownership, Stress Management"
12,"High Energy, Needs Guidance, Rapid Learning, Curiosity, Exploration, Imitation, Playfulness, Attachment, Imaginative Play, Emotional Sensitivity"
44,"Mentorship, Long-term Planning, Professional Leadership, Community Involvement, Health Maintenance, Work-Life Balance, Stability, Adaptability, Focus on Family, Legacy Building"
87,"Community Engagement, Patience, Health Management, Storytelling, Stability, Social Connection, Wisdom Sharing, Simplified Living, Leisure Pursuits, Reflectiveness"
46,"Professional Leadership, Health Maintenance, Community Involvement, Work-Life Balance, Focus on Family, Legacy Building, Mentorship, Adaptability, Stability, Long-term Planning"
45,"Work-Life Balance, Stability, Focus on Family, Legacy Building, Long-term Planning, Professional Leadership, Community Involvement, Health Maintenance, Adaptability, Mentorship"
10,"Imitation, High Energy, Exploration, Needs Guidance, Attachment, Playfulness, Rapid Learning, Imaginative Play, Curiosity, Emotional Sensitivity"
56,"Health Maintenance, Stability, Work-Life Balance, Community Involvement, Mentorship, Legacy Building, Professional Leadership, Focus on Family, Long-term Planning, Adaptability"
30,"Financial Planning, Problem Solving, Health Consciousness, Home Ownership, Career Development, Skill Acquisition, Multitasking, Stress Management, Networking, Relationship Building"
68,"Reflectiveness, Social Connection, Storytelling, Simplified Living, Stability, Wisdom Sharing, Patience, Health Management, Leisure Pursuits, Community Engagement"
63,"Long-term Planning, Mentorship, Professional Leadership, Community Involvement, Adaptability, Legacy Building, Focus on Family, Work-Life Balance, Health Maintenance, Stability"
60,"Stability, Mentorship, Adaptability, Professional Leadership, Community Involvement, Work-Life Balance, Legacy Building, Focus on Family, Health Maintenance, Long-term Planning"
63,"Community Involvement, Adaptability, Stability, Professional Leadership, Mentorship, Legacy Building, Long-term Planning, Health Maintenance, Focus on Family, Work-Life Balance"
74,"Social Connection, Patience, Community Engagement, Reflectiveness, Leisure Pursuits, Simplified Living, Wisdom Sharing, Stability, Health Management, Storytelling"
37,"Financial Planning, Stress Management, Career Development, Skill Acquisition, Multitasking, Health Consciousness, Problem Solving, Networking, Relationship Building, Home Ownership"
57,"Professional Leadership, Long-term Planning, Work-Life Balance, Focus on Family, Community Involvement, Mentorship, Adaptability, Legacy Building, Stability, Health Maintenance"
26,"Stress Management, Relationship Building, Home Ownership, Health Consciousness, Multitasking, Financial Planning, Career Development, Problem Solving, Networking, Skill Acquisition"
25,"Networking, Relationship Building, Career Development, Home Ownership, Stress Management, Financial Planning, Multitasking, Problem Solving, Skill Acquisition, Health Consciousness"
74,"Reflectiveness, Storytelling, Community Engagement, Stability, Social Connection, Leisure Pursuits, Health Management, Patience, Simplified Living, Wisdom Sharing"
74,"Leisure Pursuits, Community Engagement, Health Management, Patience, Storytelling, Social Connection, Wisdom Sharing, Reflectiveness, Stability, Simplified Living"
8,"Imitation, Attachment, Playfulness, Imaginative Play, Curiosity, Exploration, Needs Guidance, High Energy, Rapid Learning, Emotional Sensitivity"
79,"Storytelling, Social Connection, Community Engagement, Wisdom Sharing, Reflectiveness, Simplified Living, Health Management, Leisure Pursuits, Patience, Stability"
66,"Community Engagement, Wisdom Sharing, Health Management, Social Connection, Stability, Storytelling, Patience, Leisure Pursuits, Reflectiveness, Simplified Living"
66,"Reflectiveness, Patience, Simplified Living, Social Connection, Leisure Pursuits, Community Engagement, Wisdom Sharing, Stability, Health Management, Storytelling"
28,"Problem Solving, Networking, Health Consciousness, Relationship Building, Home Ownership, Multitasking, Stress Management, Career Development, Skill Acquisition, Financial Planning"
59,"Work-Life Balance, Health Maintenance, Mentorship, Adaptability, Long-term Planning, Professional Leadership, Stability, Focus on Family, Legacy Building, Community Involvement"
13,"Identity Seeking, Social Media Engagement, Idealism, Risk Taking, Exploratory Interests, Peer Orientation, Digital Native, Academic Focus, Independence Seeking, Mood Fluctuations"
7,"Exploration, High Energy, Emotional Sensitivity, Playfulness, Attachment, Curiosity, Imitation, Rapid Learning, Imaginative Play, Needs Guidance"
35,"Networking, Home Ownership, Relationship Building, Problem Solving, Skill Acquisition, Health Consciousness, Stress Management, Financial Planning, Career Development, Multitasking"
44,"Legacy Building, Mentorship, Long-term Planning, Focus on Family, Adaptability, Community Involvement, Work-Life Balance, Professional Leadership, Health Maintenance, Stability"
40,"Health Maintenance, Professional Leadership, Mentorship, Community Involvement, Stability, Legacy Building, Long-term Planning, Focus on Family, Work-Life Balance, Adaptability"
28,"Networking, Relationship Building, Multitasking, Skill Acquisition, Stress Management, Financial Planning, Health Consciousness, Home Ownership, Problem Solving, Career Development"
10,"Emotional Sensitivity, Rapid Learning, High Energy, Exploration, Playfulness, Imitation, Needs Guidance, Curiosity, Imaginative Play, Attachment"
70,"Health Management, Community Engagement, Stability, Social Connection, Patience, Leisure Pursuits, Reflectiveness, Wisdom Sharing, Simplified Living, Storytelling"
88,"Community Engagement, Reflectiveness, Leisure Pursuits, Wisdom Sharing, Simplified Living, Patience, Health Management, Stability, Storytelling, Social Connection"
79,"Patience, Wisdom Sharing, Leisure Pursuits, Health Management, Simplified Living, Community Engagement, Social Connection, Stability, Storytelling, Reflectiveness"
8,"Attachment, Needs Guidance, Rapid Learning, Curiosity, Playfulness, Imaginative Play, Exploration, Imitation, Emotional Sensitivity, High Energy"
83,"Stability, Patience, Social Connection, Wisdom Sharing, Community Engagement, Health Management, Storytelling, Simplified Living, Reflectiveness, Leisure Pursuits"
10,"Emotional Sensitivity, Playfulness, High Energy, Attachment, Exploration, Rapid Learning, Curiosity, Imitation, Needs Guidance, Imaginative Play"
55,"Adaptability, Community Involvement, Work-Life Balance, Long-term Planning, Legacy Building, Professional Leadership, Stability, Mentorship, Focus on Family, Health Maintenance"
66,"Health Management, Wisdom Sharing, Social Connection, Community Engagement, Storytelling, Stability, Simplified Living, Patience, Leisure Pursuits, Reflectiveness"
61,"Legacy Building, Community Involvement, Stability, Focus on Family, Mentorship, Adaptability, Health Maintenance, Long-term Planning, Professional Leadership, Work-Life Balance"
70,"Leisure Pursuits, Wisdom Sharing, Health Management, Storytelling, Simplified Living, Social Connection, Patience, Reflectiveness, Stability, Community Engagement"
83,"Patience, Wisdom Sharing, Social Connection, Reflectiveness, Leisure Pursuits, Simplified Living, Stability, Community Engagement, Health Management, Storytelling"
79,"Health Management, Wisdom Sharing, Patience, Stability, Simplified Living, Storytelling, Social Connection, Reflectiveness, Community Engagement, Leisure Pursuits"
12,"Curiosity, Imaginative Play, Exploration, Imitation, High Energy, Rapid Learning, Playfulness, Needs Guidance, Attachment, Emotional Sensitivity"
30,"Health Consciousness, Financial Planning, Networking, Skill Acquisition, Multitasking, Problem Solving, Home Ownership, Career Development, Relationship Building, Stress Management"
55,"Adaptability, Legacy Building, Long-term Planning, Focus on Family, Mentorship, Professional Leadership, Work-Life Balance, Stability, Community Involvement, Health Maintenance"
49,"Work-Life Balance, Professional Leadership, Focus on Family, Community Involvement, Long-term Planning, Adaptability, Health Maintenance, Stability, Legacy Building, Mentorship"
48,"Adaptability, Focus on Family, Health Maintenance, Mentorship, Legacy Building, Long-term Planning, Professional Leadership, Work-Life Balance, Community Involvement, Stability"
9,"High Energy, Imaginative Play, Curiosity, Attachment, Imitation, Needs Guidance, Emotional Sensitivity, Playfulness, Rapid Learning, Exploration"
74,"Simplified Living, Leisure Pursuits, Patience, Storytelling, Community Engagement, Social Connection, Health Management, Reflectiveness, Stability, Wisdom Sharing"
30,"Stress Management, Skill Acquisition, Health Consciousness, Problem Solving, Networking, Multitasking, Home Ownership, Relationship Building, Career Development, Financial Planning"
72,"Reflectiveness, Community Engagement, Patience, Leisure Pursuits, Health Management, Simplified Living, Wisdom Sharing, Storytelling, Stability, Social Connection"
23,"Skill Acquisition, Home Ownership, Health Consciousness, Networking, Relationship Building, Stress Management, Financial Planning, Career Development, Multitasking, Problem Solving"
88,"Stability, Patience, Reflectiveness, Social Connection, Community Engagement, Health Management, Wisdom Sharing, Simplified Living, Leisure Pursuits, Storytelling"
24,"Health Consciousness, Networking, Career Development, Relationship Building, Home Ownership, Stress Management, Problem Solving, Multitasking, Skill Acquisition, Financial Planning"
16,"Idealism, Social Media Engagement, Digital Native, Academic Focus, Mood Fluctuations, Exploratory Interests, Risk Taking, Peer Orientation, Identity Seeking, Independence Seeking"
51,"Long-term Planning, Legacy Building, Adaptability, Professional Leadership, Health Maintenance, Work-Life Balance, Mentorship, Community Involvement, Focus on Family, Stability"
5,"Rapid Learning, High Energy, Exploration, Imitation, Attachment, Imaginative Play, Needs Guidance, Playfulness, Curiosity, Emotional Sensitivity"
18,"Risk Taking, Social Media Engagement, Exploratory Interests, Independence Seeking, Mood Fluctuations, Peer Orientation, Digital Native, Academic Focus, Identity Seeking, Idealism"
68,"Community Engagement, Wisdom Sharing, Reflectiveness, Storytelling, Social Connection, Patience, Health Management, Stability, Leisure Pursuits, Simplified Living"
42,"Community Involvement, Focus on Family, Long-term Planning, Stability, Mentorship, Professional Leadership, Work-Life Balance, Legacy Building, Adaptability, Health Maintenance"
41,"Mentorship, Long-term Planning, Community Involvement, Work-Life Balance, Legacy Building, Health Maintenance, Adaptability, Stability, Focus on Family, Professional Leadership"
15,"Peer Orientation, Academic Focus, Identity Seeking, Mood Fluctuations, Idealism, Exploratory Interests, Digital Native, Independence Seeking, Social Media Engagement, Risk Taking"
81,"Leisure Pursuits, Community Engagement, Simplified Living, Patience, Wisdom Sharing, Reflectiveness, Stability, Health Management, Social Connection, Storytelling"
7,"Imitation, Playfulness, High Energy, Imaginative Play, Needs Guidance, Attachment, Rapid Learning, Exploration, Curiosity, Emotional Sensitivity"
37,"Multitasking, Health Consciousness, Financial Planning, Networking, Stress Management, Problem Solving, Skill Acquisition, Career Development, Relationship Building, Home Ownership"
10,"Emotional Sensitivity, Rapid Learning, Curiosity, Imitation, Imaginative Play, Needs Guidance, Playfulness, High Energy, Exploration, Attachment"
54,"Long-term Planning, Work-Life Balance, Professional Leadership, Adaptability, Health Maintenance, Focus on Family, Stability, Community Involvement, Mentorship, Legacy Building"
14,"Idealism, Risk Taking, Independence Seeking, Social Media Engagement, Digital Native, Identity Seeking, Academic Focus, Exploratory Interests, Mood Fluctuations, Peer Orientation"
9,"Imitation, Rapid Learning, Playfulness, Exploration, Needs Guidance, Attachment, Emotional Sensitivity, Imaginative Play, High Energy, Curiosity"
27,"Networking, Multitasking, Relationship Building, Career Development, Health Consciousness, Financial Planning, Skill Acquisition, Problem Solving, Home Ownership, Stress Management"
14,"Independence Seeking, Identity Seeking, Social Media Engagement, Risk Taking, Mood Fluctuations, Digital Native, Academic Focus, Idealism, Peer Orientation, Exploratory Interests"
48,"Health Maintenance, Mentorship, Adaptability, Community Involvement, Focus on Family, Long-term Planning, Legacy Building, Work-Life Balance, Stability, Professional Leadership"
6,"Rapid Learning, Playfulness, High Energy, Exploration, Emotional Sensitivity, Imitation, Imaginative Play, Needs Guidance, Curiosity, Attachment"
17,"Idealism, Risk Taking, Independence Seeking, Social Media Engagement, Peer Orientation, Exploratory Interests, Mood Fluctuations, Academic Focus, Digital Native, Identity Seeking"
44,"Long-term Planning, Work-Life Balance, Health Maintenance, Adaptability, Legacy Building, Focus on Family, Professional Leadership, Mentorship, Stability, Community Involvement"
6,"Rapid Learning, Imaginative Play, High Energy, Emotional Sensitivity, Imitation, Playfulness, Curiosity, Needs Guidance, Attachment, Exploration"
88,"Community Engagement, Patience, Social Connection, Simplified Living, Storytelling, Health Management, Stability, Leisure Pursuits, Reflectiveness, Wisdom Sharing"
69,"Wisdom Sharing, Social Connection, Patience, Community Engagement, Leisure Pursuits, Reflectiveness, Simplified Living, Storytelling, Stability, Health Management"
67,"Wisdom Sharing, Storytelling, Community Engagement, Reflectiveness, Social Connection, Health Management, Leisure Pursuits, Patience, Simplified Living, Stability"
77,"Stability, Simplified Living, Reflectiveness, Leisure Pursuits, Social Connection, Storytelling, Health Management, Wisdom Sharing, Patience, Community Engagement"
21,"Multitasking, Skill Acquisition, Health Consciousness, Problem Solving, Financial Planning, Home Ownership, Stress Management, Career Development, Relationship Building, Networking"
13,"Identity Seeking, Peer Orientation, Academic Focus, Social Media Engagement, Exploratory Interests, Digital Native, Idealism, Mood Fluctuations, Risk Taking, Independence Seeking"
79,"Leisure Pursuits, Social Connection, Wisdom Sharing, Simplified Living, Health Management, Community Engagement, Storytelling, Patience, Stability, Reflectiveness"
19,"Peer Orientation, Idealism, Exploratory Interests, Academic Focus, Risk Taking, Social Media Engagement, Mood Fluctuations, Identity Seeking, Digital Native, Independence Seeking"
28,"Networking, Multitasking, Stress Management, Career Development, Home Ownership, Skill Acquisition, Problem Solving, Financial Planning, Relationship Building, Health Consciousness"
42,"Adaptability, Legacy Building, Long-term Planning, Mentorship, Community Involvement, Work-Life Balance, Stability, Focus on Family, Health Maintenance, Professional Leadership"
39,"Multitasking, Problem Solving, Relationship Building, Home Ownership, Stress Management, Career Development, Health Consciousness, Skill Acquisition, Financial Planning, Networking"
53,"Stability, Legacy Building, Health Maintenance, Work-Life Balance, Long-term Planning, Community Involvement, Adaptability, Professional Leadership, Mentorship, Focus on Family"
73,"Storytelling, Leisure Pursuits, Wisdom Sharing, Reflectiveness, Community Engagement, Health Management, Stability, Patience, Social Connection, Simplified Living"
66,"Patience, Leisure Pursuits, Social Connection, Storytelling, Simplified Living, Stability, Health Management, Wisdom Sharing, Community Engagement, Reflectiveness"
64,"Work-Life Balance, Focus on Family, Health Maintenance, Mentorship, Stability, Professional Leadership, Community Involvement, Legacy Building, Adaptability, Long-term Planning"
54,"Professional Leadership, Health Maintenance, Legacy Building, Adaptability, Focus on Family, Community Involvement, Mentorship, Long-term Planning, Work-Life Balance, Stability"
82,"Leisure Pursuits, Reflectiveness, Simplified Living, Community Engagement, Social Connection, Patience, Health Management, Storytelling, Stability, Wisdom Sharing"
79,"Simplified Living, Leisure Pursuits, Stability, Storytelling, Social Connection, Health Management, Wisdom Sharing, Patience, Community Engagement, Reflectiveness"
13,"Digital Native, Identity Seeking, Mood Fluctuations, Peer Orientation, Academic Focus, Exploratory Interests, Idealism, Risk Taking, Social Media Engagement, Independence Seeking"
38,"Career Development, Skill Acquisition, Networking, Multitasking, Financial Planning, Health Consciousness, Stress Management, Relationship Building, Home Ownership, Problem Solving"
80,"Leisure Pursuits, Community Engagement, Storytelling, Simplified Living, Wisdom Sharing, Social Connection, Stability, Reflectiveness, Patience, Health Management"
39,"Problem Solving, Health Consciousness, Financial Planning, Skill Acquisition, Home Ownership, Multitasking, Stress Management, Career Development, Networking, Relationship Building"
5,"Emotional Sensitivity, Needs Guidance, Playfulness, Imaginative Play, Curiosity, High Energy, Exploration, Attachment, Rapid Learning, Imitation"
44,"Adaptability, Work-Life Balance, Legacy Building, Stability, Mentorship, Long-term Planning, Community Involvement, Health Maintenance, Professional Leadership, Focus on Family"
68,"Leisure Pursuits, Social Connection, Storytelling, Health Management, Wisdom Sharing, Patience, Community Engagement, Simplified Living, Stability, Reflectiveness"
26,"Networking, Financial Planning, Home Ownership, Problem Solving, Relationship Building, Career Development, Stress Management, Skill Acquisition, Health Consciousness, Multitasking"
64,"Professional Leadership, Long-term Planning, Focus on Family, Stability, Adaptability, Legacy Building, Work-Life Balance, Mentorship, Community Involvement, Health Maintenance"
68,"Reflectiveness, Community Engagement, Health Management, Stability, Wisdom Sharing, Simplified Living, Leisure Pursuits, Storytelling, Social Connection, Patience"
76,"Wisdom Sharing, Reflectiveness, Simplified Living, Social Connection, Patience, Storytelling, Health Management, Stability, Leisure Pursuits, Community Engagement"
15,"Peer Orientation, Identity Seeking, Mood Fluctuations, Academic Focus, Exploratory Interests, Digital Native, Independence Seeking, Social Media Engagement, Idealism, Risk Taking"
18,"Digital Native, Idealism, Social Media Engagement, Exploratory Interests, Academic Focus, Risk Taking, Peer Orientation, Mood Fluctuations, Identity Seeking, Independence Seeking"
64,"Adaptability, Focus on Family, Health Maintenance, Mentorship, Community Involvement, Stability, Legacy Building, Work-Life Balance, Long-term Planning, Professional Leadership"
34,"Stress Management, Home Ownership, Skill Acquisition, Problem Solving, Relationship Building, Multitasking, Health Consciousness, Networking, Financial Planning, Career Development"
39,"Relationship Building, Financial Planning, Health Consciousness, Stress Management, Problem Solving, Home Ownership, Skill Acquisition, Networking, Multitasking, Career Development"
89,"Health Management, Storytelling, Stability, Leisure Pursuits, Community Engagement, Reflectiveness, Wisdom Sharing, Patience, Social Connection, Simplified Living"
41,"Adaptability, Health Maintenance, Long-term Planning, Legacy Building, Stability, Mentorship, Community Involvement, Focus on Family, Professional Leadership, Work-Life Balance"
9,"Attachment, Needs Guidance, Exploration, Playfulness, Curiosity, Imitation, Rapid Learning, Imaginative Play, High Energy, Emotional Sensitivity"
87,"Leisure Pursuits, Simplified Living, Health Management, Stability, Social Connection, Wisdom Sharing, Reflectiveness, Community Engagement, Storytelling, Patience"
82,"Leisure Pursuits, Health Management, Community Engagement, Stability, Patience, Reflectiveness, Simplified Living, Wisdom Sharing, Social Connection, Storytelling"
30,"Stress Management, Multitasking, Home Ownership, Problem Solving, Financial Planning, Career Development, Networking, Relationship Building, Health Consciousness, Skill Acquisition"
66,"Community Engagement, Patience, Stability, Storytelling, Social Connection, Wisdom Sharing, Reflectiveness, Leisure Pursuits, Simplified Living, Health Management"
8,"Rapid Learning, Imitation, Imaginative Play, Emotional Sensitivity, Playfulness, Curiosity, Exploration, Needs Guidance, High Energy, Attachment"
46,"Health Maintenance, Adaptability, Focus on Family, Stability, Community Involvement, Work-Life Balance, Legacy Building, Mentorship, Professional Leadership, Long-term Planning"
22,"Career Development, Financial Planning, Networking, Health Consciousness, Problem Solving, Relationship Building, Home Ownership, Stress Management, Multitasking, Skill Acquisition"
44,"Stability, Professional Leadership, Focus on Family, Health Maintenance, Adaptability, Legacy Building, Work-Life Balance, Mentorship, Long-term Planning, Community Involvement"
76,"Leisure Pursuits, Stability, Storytelling, Patience, Community Engagement, Social Connection, Reflectiveness, Health Management, Wisdom Sharing, Simplified Living"
43,"Health Maintenance, Professional Leadership, Stability, Focus on Family, Legacy Building, Work-Life Balance, Mentorship, Community Involvement, Adaptability, Long-term Planning"
18,"Idealism, Mood Fluctuations, Peer Orientation, Social Media Engagement, Digital Native, Academic Focus, Identity Seeking, Risk Taking, Independence Seeking, Exploratory Interests"
36,"Financial Planning, Problem Solving, Career Development, Skill Acquisition, Home Ownership, Multitasking, Health Consciousness, Stress Management, Networking, Relationship Building"
55,"Work-Life Balance, Legacy Building, Focus on Family, Health Maintenance, Stability, Mentorship, Long-term Planning, Adaptability, Professional Leadership, Community Involvement"
42,"Legacy Building, Stability, Work-Life Balance, Professional Leadership, Mentorship, Focus on Family, Long-term Planning, Health Maintenance, Adaptability, Community Involvement"
27,"Skill Acquisition, Home Ownership, Multitasking, Health Consciousness, Career Development, Problem Solving, Relationship Building, Financial Planning, Stress Management, Networking"
67,"Reflectiveness, Patience, Leisure Pursuits, Simplified Living, Wisdom Sharing, Community Engagement, Health Management, Social Connection, Storytelling, Stability"
19,"Idealism, Identity Seeking, Peer Orientation, Academic Focus, Exploratory Interests, Digital Native, Social Media Engagement, Risk Taking, Mood Fluctuations, Independence Seeking"
29,"Skill Acquisition, Relationship Building, Health Consciousness, Problem Solving, Career Development, Stress Management, Home Ownership, Multitasking, Financial Planning, Networking"
21,"Problem Solving, Networking, Skill Acquisition, Multitasking, Financial Planning, Stress Management, Career Development, Relationship Building, Home Ownership, Health Consciousness"
70,"Reflectiveness, Storytelling, Wisdom Sharing, Community Engagement, Social Connection, Patience, Health Management, Leisure Pursuits, Stability, Simplified Living"
82,"Stability, Wisdom Sharing, Reflectiveness, Leisure Pursuits, Patience, Simplified Living, Social Connection, Health Management, Storytelling, Community Engagement"
57,"Long-term Planning, Adaptability, Focus on Family, Professional Leadership, Work-Life Balance, Health Maintenance, Legacy Building, Stability, Mentorship, Community Involvement"
55,"Stability, Long-term Planning, Community Involvement, Focus on Family, Health Maintenance, Legacy Building, Professional Leadership, Work-Life Balance, Adaptability, Mentorship"
43,"Work-Life Balance, Long-term Planning, Focus on Family, Mentorship, Professional Leadership, Community Involvement, Health Maintenance, Legacy Building, Stability, Adaptability"
55,"Stability, Health Maintenance, Adaptability, Professional Leadership, Focus on Family, Community Involvement, Long-term Planning, Work-Life Balance, Legacy Building, Mentorship"
74,"Community Engagement, Patience, Health Management, Stability, Leisure Pursuits, Reflectiveness, Wisdom Sharing, Storytelling, Simplified Living, Social Connection"
10,"Rapid Learning, Playfulness, Emotional Sensitivity, Imaginative Play, Curiosity, Attachment, Needs Guidance, Imitation, High Energy, Exploration"
71,"Community Engagement, Leisure Pursuits, Health Management, Stability, Storytelling, Social Connection, Wisdom Sharing, Patience, Reflectiveness, Simplified Living"
11,"Imaginative Play, Exploration, Emotional Sensitivity, Rapid Learning, Playfulness, Needs Guidance, Curiosity, Imitation, Attachment, High Energy"
55,"Stability, Health Maintenance, Focus on Family, Work-Life Balance, Long-term Planning, Legacy Building, Professional Leadership, Mentorship, Community Involvement, Adaptability"
76,"Simplified Living, Leisure Pursuits, Stability, Patience, Reflectiveness, Wisdom Sharing, Community Engagement, Social Connection, Storytelling, Health Management"
46,"Legacy Building, Health Maintenance, Adaptability, Professional Leadership, Work-Life Balance, Mentorship, Community Involvement, Long-term Planning, Stability, Focus on Family"
68,"Social Connection, Storytelling, Patience, Leisure Pursuits, Community Engagement, Reflectiveness, Wisdom Sharing, Health Management, Simplified Living, Stability"
19,"Mood Fluctuations, Independence Seeking, Identity Seeking, Risk Taking, Academic Focus, Exploratory Interests, Digital Native, Peer Orientation, Social Media Engagement, Idealism"
33,"Stress Management, Networking, Skill Acquisition, Relationship Building, Financial Planning, Home Ownership, Multitasking, Problem Solving, Career Development, Health Consciousness"
37,"Stress Management, Problem Solving, Home Ownership, Health Consciousness, Multitasking, Financial Planning, Relationship Building, Networking, Skill Acquisition, Career Development"
31,"Networking, Stress Management, Home Ownership, Problem Solving, Career Development, Skill Acquisition, Financial Planning, Relationship Building, Health Consciousness, Multitasking"
40,"Community Involvement, Stability, Legacy Building, Mentorship, Work-Life Balance, Adaptability, Long-term Planning, Focus on Family, Professional Leadership, Health Maintenance"
33,"Problem Solving, Networking, Career Development, Stress Management, Home Ownership, Multitasking, Skill Acquisition, Relationship Building, Financial Planning, Health Consciousness"
42,"Health Maintenance, Mentorship, Long-term Planning, Legacy Building, Professional Leadership, Work-Life Balance, Focus on Family, Adaptability, Stability, Community Involvement"
61,"Health Maintenance, Work-Life Balance, Mentorship, Stability, Long-term Planning, Adaptability, Community Involvement, Professional Leadership, Legacy Building, Focus on Family"
31,"Career Development, Home Ownership, Health Consciousness, Skill Acquisition, Stress Management, Relationship Building, Financial Planning, Networking, Problem Solving, Multitasking"
59,"Adaptability, Long-term Planning, Work-Life Balance, Legacy Building, Health Maintenance, Stability, Focus on Family, Community Involvement, Mentorship, Professional Leadership"
37,"Health Consciousness, Financial Planning, Problem Solving, Home Ownership, Stress Management, Multitasking, Skill Acquisition, Career Development, Networking, Relationship Building"
72,"Community Engagement, Wisdom Sharing, Reflectiveness, Social Connection, Stability, Health Management, Patience, Storytelling, Leisure Pursuits, Simplified Living"
70,"Reflectiveness, Health Management, Stability, Community Engagement, Leisure Pursuits, Social Connection, Patience, Wisdom Sharing, Storytelling, Simplified Living"
14,"Digital Native, Independence Seeking, Peer Orientation, Mood Fluctuations, Academic Focus, Exploratory Interests, Social Media Engagement, Idealism, Identity Seeking, Risk Taking"
9,"Playfulness, Exploration, Attachment, Rapid Learning, Imaginative Play, Imitation, High Energy, Needs Guidance, Curiosity, Emotional Sensitivity"
78,"Simplified Living, Leisure Pursuits, Patience, Community Engagement, Wisdom Sharing, Reflectiveness, Health Management, Stability, Storytelling, Social Connection"
42,"Adaptability, Mentorship, Stability, Health Maintenance, Legacy Building, Professional Leadership, Focus on Family, Work-Life Balance, Long-term Planning, Community Involvement"
17,"Digital Native, Academic Focus, Idealism, Risk Taking, Mood Fluctuations, Social Media Engagement, Independence Seeking, Peer Orientation, Exploratory Interests, Identity Seeking"
35,"Relationship Building, Career Development, Problem Solving, Networking, Skill Acquisition, Stress Management, Home Ownership, Multitasking, Health Consciousness, Financial Planning"
51,"Focus on Family, Health Maintenance, Mentorship, Long-term Planning, Community Involvement, Stability, Legacy Building, Work-Life Balance, Professional Leadership, Adaptability"
56,"Professional Leadership, Adaptability, Focus on Family, Stability, Health Maintenance, Legacy Building, Long-term Planning, Mentorship, Work-Life Balance, Community Involvement"
60,"Community Involvement, Adaptability, Long-term Planning, Health Maintenance, Focus on Family, Legacy Building, Stability, Work-Life Balance, Mentorship, Professional Leadership"
19,"Social Media Engagement, Risk Taking, Idealism, Peer Orientation, Academic Focus, Independence Seeking, Digital Native, Identity Seeking, Mood Fluctuations, Exploratory Interests"
33,"Health Consciousness, Stress Management, Home Ownership, Relationship Building, Skill Acquisition, Networking, Multitasking, Financial Planning, Problem Solving, Career Development"
12,"Imitation, Rapid Learning, Imaginative Play, Curiosity, Playfulness, Exploration, High Energy, Needs Guidance, Attachment, Emotional Sensitivity"
9,"Exploration, Imaginative Play, Needs Guidance, Rapid Learning, Imitation, Playfulness, Emotional Sensitivity, Attachment, Curiosity, High Energy"
33,"Skill Acquisition, Multitasking, Problem Solving, Stress Management, Networking, Career Development, Relationship Building, Financial Planning, Home Ownership, Health Consciousness"
51,"Health Maintenance, Work-Life Balance, Mentorship, Stability, Community Involvement, Professional Leadership, Long-term Planning, Legacy Building, Focus on Family, Adaptability"
